"PLAYER_ID","PLAYER_NAME","TEAM_ID","TEAM_ABBREVIATION","GP","W","L","MIN","POINTS","DRIVE_PTS","DRIVE_FG_PCT","CATCH_SHOOT_PTS","CATCH_SHOOT_FG_PCT","PULL_UP_PTS","PULL_UP_FG_PCT","PAINT_TOUCH_PTS","PAINT_TOUCH_FG_PCT","POST_TOUCH_PTS","POST_TOUCH_FG_PCT","ELBOW_TOUCH_PTS","ELBOW_TOUCH_FG_PCT","EFF_FG_PCT","year"
"203932","Aaron Gordon","1610612743","DEN","75","46",29,31.7,15,2.2,0.53,3.2,0.35,1.7,0.37,5.5,0.706,1.4,0.529,1.1,0.78,0.573,"2021-22"
"1630565","Aaron Henry","1610612755","PHI","6","6",0,2.8,0.3,0,0,0,0,0,0,0,0,0,0,0.3,1,0.2,"2021-22"
"1628988","Aaron Holiday","1610612756","PHX","63","34",29,16.2,6.3,2.9,0.461,1.1,0.329,1.5,0.392,0.2,0.636,0,0,0.1,0.5,0.504,"2021-22"
"1630174","Aaron Nesmith","1610612738","BOS","52","32",20,11,3.8,0.8,0.552,1.6,0.287,0.4,0.323,0.3,0.727,0,0,0.1,0.667,0.481,"2021-22"
"1630598","Aaron Wiggins","1610612760","OKC","50","13",37,24.2,8.3,2.2,0.46,2.4,0.32,0.2,0.263,1.6,0.692,0.1,1,0.3,0.714,0.525,"2021-22"
"1627846","Abdel Nader","1610612756","PHX","14","11",3,10.4,2.4,0.5,0.214,0.9,0.364,0,0,0.4,1,0,0,0,0,0.4,"2021-22"
"1630278","Ade Murkey","1610612758","SAC","1","0",1,1.5,0,0,0,0,0,0,0,0,0,0,0,0,0,0,"2021-22"
"1629678","Admiral Schofield","1610612753","ORL","38","10",28,12.3,3.8,1,0.609,1.9,0.338,0.2,0.333,0.4,0.5,0,0,0.1,0.4,0.519,"2021-22"
"1629958","Ahmad Caver","1610612754","IND","1","0",1,0.9,2,0,0,0,0,0,0,0,0,0,0,0,0,1,"2021-22"
"201143","Al Horford","1610612738","BOS","68","46",22,29,10.2,0.9,0.625,4.4,0.364,0.4,0.524,3.1,0.667,1.1,0.468,0.7,0.465,0.547,"2021-22"
"202692","Alec Burks","1610612752","NYK","80","36",44,28.5,11.8,3,0.346,3.9,0.416,3.3,0.363,0.2,0.389,0.1,0.6,0.1,0.3,0.504,"2021-22"
"1630758","Aleem Ford","1610612753","ORL","5","2",3,14.7,2.8,0.8,0.667,1.2,0.133,0,0,0.4,1,0,0,0,0,0.35,"2021-22"
"1630197","Aleksej Pokusevski","1610612760","OKC","61","19",42,20.2,7.6,1.2,0.387,2.6,0.298,0.8,0.28,1.5,0.597,0,0.5,0.4,0.524,0.47,"2021-22"
"1627936","Alex Caruso","1610612741","CHI","41","24",17,28,7.4,1.6,0.414,2.7,0.346,1,0.321,1.1,0.621,0,0,0.3,0.4,0.48,"2021-22"
"203458","Alex Len","1610612758","SAC","39","17",22,15.9,6,0.5,0.727,0.8,0.342,0.1,0.2,4,0.611,0.1,0.167,1.6,0.509,0.551,"2021-22"
"1628035","Alfonzo McKinnie","1610612741","CHI","17","8",9,12.1,3.5,0.4,0.333,1.6,0.346,0.2,0.2,0.9,0.727,0,0,0,0,0.467,"2021-22"
"1628993","Alize Johnson","1610612740","NOP","23","14",9,7.3,1.8,0,0,0.1,0.25,0,0,1.3,0.65,0,0,0.2,1,0.436,"2021-22"
"1630578","Alperen Sengun","1610612745","HOU","72","18",54,20.7,9.6,2,0.416,1.3,0.283,0.3,0.205,3.3,0.644,1.7,0.539,1.3,0.542,0.502,"2021-22"
"1629599","Amir Coffey","1610612746","LAC","68","33",35,22.7,9,2.3,0.533,3.8,0.389,1.1,0.382,0.3,0.563,0,0,0.1,0.333,0.557,"2021-22"
"203083","Andre Drummond","1610612751","BKN","73","42",31,19.7,7.9,0.6,0.41,0,0.2,0.1,0.375,5.8,0.622,0.6,0.426,0.7,0.452,0.57,"2021-22"
"2738","Andre Iguodala","1610612744","GSW","30","20",10,19.4,4,0.3,0.667,1.6,0.254,0.2,0.118,0.8,0.556,0.1,0.25,0.2,0.5,0.441,"2021-22"
"203952","Andrew Wiggins","1610612744","GSW","72","47",25,31.9,17.2,3.8,0.488,5.7,0.408,3.2,0.362,2.5,0.639,0.9,0.474,0.6,0.773,0.545,"2021-22"
"1629014","Anfernee Simons","1610612757","POR","57","25",32,29.5,17.3,4.4,0.505,5.8,0.466,6.9,0.406,0.2,0.444,0,0,0.2,0.8,0.555,"2021-22"
"203076","Anthony Davis","1610612747","LAL","40","17",23,35.1,23.2,2.3,0.614,3,0.333,2.6,0.316,10.1,0.696,3.4,0.532,3,0.455,0.542,"2021-22"
"1630162","Anthony Edwards","1610612750","MIN","72","39",33,34.3,21.3,6.7,0.5,4.2,0.417,6.1,0.329,0.8,0.5,0,0.333,0.6,0.6,0.527,"2021-22"
"1630264","Anthony Gill","1610612764","WAS","44","15",29,10.5,4.1,0.9,0.467,1,0.556,0,0,1.4,0.595,0.1,1,0.5,0.667,0.633,"2021-22"
"1630237","Anthony Lamb","1610612745","HOU","2","0",2,3.8,0,0,0,0,0,0,0,0,0,0,0,0,0,0,"2021-22"
"1629717","Armoni Brooks","1610612761","TOR","54","20",34,15.6,5.3,0.6,0.542,2.6,0.301,1.6,0.288,0.2,1,0,0,0,0,0.467,"2021-22"
"1629083","Arnoldas Kulboka","1610612766","CHA","2","2",0,2.7,0,0,0,0,0,0,0,0,0,0,0,0,0,0,"2021-22"
"1630559","Austin Reaves","1610612747","LAL","61","28",33,23.2,7.3,1.9,0.594,2.4,0.362,0.8,0.324,0.9,0.655,0,1,0.2,0.556,0.542,"2021-22"
"203085","Austin Rivers","1610612743","DEN","67","41",26,22.1,6,1.7,0.524,3,0.383,0.5,0.19,0.2,0.545,0,0,0.1,0.667,0.53,"2021-22"
"202340","Avery Bradley","1610612747","LAL","62","27",35,22.7,6.4,0.3,0.258,3.7,0.414,1.1,0.367,0.9,0.619,0,0,0.2,0.625,0.54,"2021-22"
"1630245","Ayo Dosunmu","1610612741","CHI","77","42",35,27.4,8.8,2,0.534,2.7,0.383,1.4,0.5,0.6,0.69,0,0,0.2,0.571,0.585,"2021-22"
"1629168","BJ Johnson","1610612753","ORL","4","2",2,16.1,6.5,1,0.5,4,0.5,1.5,0.5,0.5,0.333,0,0,0.5,0.5,0.52,"2021-22"
"1628389","Bam Adebayo","1610612748","MIA","56","36",20,32.6,19.1,3.1,0.587,1.2,0.398,1.8,0.353,7.1,0.673,1.9,0.422,2.8,0.504,0.557,"2021-22"
"203463","Ben McLemore","1610612757","POR","64","20",44,20.1,10.2,0.5,0.455,6.3,0.381,1.5,0.342,0.6,0.722,0,0,0.4,0.75,0.541,"2021-22"
"202687","Bismack Biyombo","1610612756","PHX","35","29",6,14.1,6,0,0,0.1,0.125,0,0,4.3,0.613,0.5,0.727,1.6,0.575,0.601,"2021-22"
"201933","Blake Griffin","1610612751","BKN","56","29",27,17.1,6.4,0.4,0.474,1.7,0.25,0.5,0.367,2.3,0.627,0.5,0.526,0.9,0.563,0.486,"2021-22"
"1626246","Boban Marjanovic","1610612742","DAL","23","15",8,5.6,4.3,0,0,0.5,0.385,0.7,0.571,2.4,0.595,2.1,0.553,0.6,0.5,0.607,"2021-22"
"1626171","Bobby Portis","1610612749","MIL","72","46",26,28.2,14.6,1,0.485,6.3,0.414,1.8,0.453,3.9,0.563,1,0.436,0.8,0.56,0.555,"2021-22"
"203992","Bogdan Bogdanović","1610612737","ATL","63","33",30,29.3,15.1,3.7,0.517,5.7,0.389,4.8,0.427,0.4,0.5,0.1,0.6,0.3,0.714,0.537,"2021-22"
"202711","Bojan Bogdanovic","1610612762","UTA","69","45",24,30.9,18.1,4.4,0.5,6.4,0.392,2.7,0.362,1.6,0.653,1,0.474,0.5,0.824,0.552,"2021-22"
"1629626","Bol Bol","1610612753","ORL","14","5",9,5.8,2.4,0.5,0.5,0.2,0.25,0.3,0.286,1,1,0.1,0.5,0.3,1,0.574,"2021-22"
"1630538","Bones Hyland","1610612743","DEN","69","41",28,19,10.1,1.5,0.375,3.5,0.378,2.9,0.367,0.3,0.714,0,0,0.5,0.857,0.518,"2021-22"
"202954","Brad Wanamaker","1610612764","WAS","23","10",13,13.9,3.6,1.4,0.419,0.5,0.444,1,0.333,0.3,1,0,0,0.2,1,0.39,"2021-22"
"203078","Bradley Beal","1610612764","WAS","40","17",23,36,23.2,10,0.473,2.6,0.287,7.4,0.41,1.5,0.658,0.2,0.5,1.1,0.5,0.492,"2021-22"
"1630527","Brandon Boston","1610612746","LAC","50","26",24,14.8,6.7,1.2,0.333,1,0.309,2.3,0.34,0.7,0.714,0,0,0.2,0.571,0.441,"2021-22"
"1629634","Brandon Clarke","1610612763","MEM","63","43",20,19.4,10.4,1.5,0.569,0.7,0.373,0.3,0.36,5.9,0.72,0.1,0.6,2,0.611,0.652,"2021-22"
"1629164","Brandon Goodwin","1610612739","CLE","36","19",17,13.9,4.8,2.1,0.516,0.9,0.355,1.3,0.364,0.3,0.571,0,0,0,0,0.477,"2021-22"
"1627742","Brandon Ingram","1610612740","NOP","54","28",26,34,22.5,7.3,0.516,5.4,0.406,7.3,0.436,1.1,0.667,0.8,0.447,1.3,0.475,0.496,"2021-22"
"202688","Brandon Knight","1610612742","DAL","5","2",3,12.9,6.4,1.6,0.8,1.8,0.333,0.6,0.111,0.4,0,0,0,0,0,0.48,"2021-22"
"1630314","Brandon Williams","1610612757","POR","24","2",22,26.7,12.9,4.8,0.375,2.8,0.365,2.9,0.313,0.3,1,0,0,0.3,0.6,0.427,"2021-22"
"1630296","Braxton Key","1610612765","DET","11","5",6,17.9,7.2,1.4,0.538,1.4,0.278,0.5,0.182,2.3,0.579,0.2,0.5,0.5,0.5,0.5,"2021-22"
"1630271","Brodric Thomas","1610612738","BOS","12","8",4,5,1.8,0.2,0.5,0.3,0.167,0.3,0.333,0.2,0.5,0,0,0,0,0.5,"2021-22"
"201572","Brook Lopez","1610612749","MIL","13","10",3,23,12.4,0.8,0.5,4.1,0.327,0.6,0.2,4.7,0.628,0.7,0.375,1,0.143,0.538,"2021-22"
"1628971","Bruce Brown","1610612751","BKN","72","37",35,24.6,9,1.5,0.444,1.7,0.379,0.2,0.258,2.6,0.545,0.1,1,1.1,0.587,0.543,"2021-22"
"1628981","Bruno Fernando","1610612745","HOU","30","15",15,5.1,2.9,0.5,0.714,0.1,0.333,0.1,1,1.7,0.676,0.3,0.8,0.5,0.7,0.664,"2021-22"
"1627854","Bryn Forbes","1610612743","DEN","75","36",39,17.1,8.8,1.6,0.45,4.3,0.418,2.2,0.401,0.1,0.5,0,0,0.2,0.5,0.542,"2021-22"
"1627741","Buddy Hield","1610612754","IND","80","25",55,30.9,15.5,2.3,0.441,6.9,0.392,4.2,0.346,0.6,0.595,0,0,0.2,0.583,0.522,"2021-22"
"1629604","CJ Elleby","1610612757","POR","58","17",41,20.2,5.8,1.2,0.355,2,0.315,0.3,0.257,1.2,0.612,0,0,0.3,0.7,0.453,"2021-22"
"203468","CJ McCollum","1610612740","NOP","62","28",34,34.6,22.1,6.8,0.493,4.7,0.441,9.9,0.43,0.5,0.682,0.1,1,0.4,0.524,0.539,"2021-22"
"101139","CJ Miles","1610612738","BOS","1","1",0,2,0,0,0,0,0,0,0,0,0,0,0,0,0,0,"2021-22"
"1630595","Cade Cunningham","1610612765","DET","63","20",43,32.6,17.5,7.8,0.494,3.7,0.324,4.3,0.354,0.7,0.429,0.1,0.667,0.4,0.571,0.474,"2021-22"
"1628997","Caleb Martin","1610612748","MIA","60","37",23,22.9,9.2,2,0.551,2.7,0.403,1,0.407,1.5,0.544,0,0,0.5,0.5,0.585,"2021-22"
"1629629","Cam Reddish","1610612752","NYK","49","20",29,20.7,10.1,3.2,0.477,3.2,0.373,2,0.304,0.6,0.524,0,0,0.2,0.267,0.485,"2021-22"
"1630560","Cam Thomas","1610612751","BKN","67","32",35,17.6,8.5,3.1,0.548,1.3,0.3,4,0.447,0.2,0.778,0,0,0.1,0.714,0.48,"2021-22"
"1629661","Cameron Johnson","1610612756","PHX","65","49",16,26.1,12.3,1.6,0.463,7,0.418,0.6,0.229,0.9,0.806,0,0,0.5,0.706,0.592,"2021-22"
"1630787","Cameron McGriff","1610612757","POR","3","0",3,15.3,4.7,0.7,0,0,0,2,0.5,1.7,0.667,0,0,0,0,0.429,"2021-22"
"1628419","Cameron Oliver","1610612737","ATL","2","1",1,21.7,11.5,0,0,1.5,0.333,1,1,5.5,0.714,0,0,3,0.667,0.7,"2021-22"
"1626166","Cameron Payne","1610612756","PHX","57","45",12,22.1,10.8,5.5,0.442,2.2,0.353,3,0.364,0.2,0.583,0,0,0.1,1,0.469,"2021-22"
"1627747","Caris LeVert","1610612739","CLE","58","23",35,30.7,17,8.7,0.5,2.3,0.396,5.4,0.361,1,0.524,0.1,1,0.4,0.545,0.492,"2021-22"
"1630637","Carlik Jones","1610612743","DEN","5","3",2,4.7,0.8,0.4,0.5,0,0,0,0,0,0,0,0,0,0,0.111,"2021-22"
"2546","Carmelo Anthony","1610612747","LAL","69","27",42,26,13.3,0.6,0.563,6.3,0.381,3.3,0.471,1.7,0.651,1.8,0.521,0.3,0.467,0.544,"2021-22"
"1629035","Carsen Edwards","1610612765","DET","4","1",3,19.8,5.8,0.5,0.167,0.8,0.143,3.8,0.429,0,0,0,0,0,0,0.367,"2021-22"
"1630199","Cassius Stanley","1610612765","DET","9","3",6,17.2,5.8,2.1,0.471,1.3,0.267,0.2,0.167,0.9,0.8,0,0,0.2,0,0.457,"2021-22"
"1630216","Cassius Winston","1610612764","WAS","7","1",6,5.6,2,0.6,0.333,0.4,0.333,0.6,0.4,0,0,0,0,0,0,0.455,"2021-22"
"1627760","Cat Barber","1610612737","ATL","3","0",3,4.3,0,0,0,0,0,0,0,0,0,0,0,0,0,0,"2021-22"
"1626224","Cedi Osman","1610612739","CLE","66","37",29,22.1,10.7,1.6,0.449,4.5,0.344,1.7,0.374,0.8,0.676,0,1,0.5,0.75,0.544,"2021-22"
"1628990","Chandler Hutchison","1610612756","PHX","6","4",2,3.7,0.7,0.3,0,0,0,0,0,0.3,0.5,0,0,0,0,0.5,"2021-22"
"1629646","Charles Bassey","1610612755","PHI","23","11",12,7.3,3,0,0,0.2,0.286,0.1,0.5,2.1,0.741,0.1,1,0.4,0.714,0.638,"2021-22"
"1629718","Charlie Brown Jr.","1610612755","PHI","22","16",6,8.1,1.4,0.2,0.25,0.1,0.077,0,0,0.4,0.214,0,0,0.1,0.333,0.269,"2021-22"
"1630602","Chaundee Brown Jr.","1610612737","ATL","5","1",4,20.7,6.2,1.2,0.25,3,0.294,1,0.286,0,0,0,0,0.4,1,0.406,"2021-22"
"1627767","Cheick Diallo","1610612765","DET","3","0",3,10.2,3.7,1,0,0,0,0,0,2,0.4,0.7,1,0,0,0.375,"2021-22"
"1629002","Chimezie Metu","1610612758","SAC","59","22",37,21.6,9,1.8,0.4,2.8,0.315,0.9,0.358,2.3,0.705,0.4,0.647,0.2,0.333,0.513,"2021-22"
"1628449","Chris Boucher","1610612761","TOR","80","48",32,21.1,9.4,0.5,0.4,2.6,0.309,0.2,0.167,4.5,0.603,0,0.333,0.8,0.719,0.523,"2021-22"
"1629185","Chris Chiozza","1610612744","GSW","33","21",12,11.2,2,0.2,0.167,1.3,0.359,0.5,0.261,0,0,0,0,0,0,0.406,"2021-22"
"1630537","Chris Duarte","1610612754","IND","55","21",34,28,13.1,2.9,0.39,3.5,0.404,4.1,0.365,0.8,0.5,0,0,0.4,0.5,0.507,"2021-22"
"101108","Chris Paul","1610612756","PHX","64","52",12,32.9,14.8,6.2,0.582,1.1,0.403,9,0.481,0,0.167,0.1,0.667,0.1,0.25,0.538,"2021-22"
"1629735","Chris Silva","1610612748","MIA","10","7",3,9.1,2.6,0,0,0,0,0,0,1.9,0.545,0.2,1,1.1,0.75,0.533,"2021-22"
"1626174","Christian Wood","1610612745","HOU","68","19",49,30.8,17.9,3.3,0.53,4.6,0.371,1.8,0.343,5.2,0.716,1.4,0.522,1.7,0.551,0.576,"2021-22"
"1629643","Chuma Okeke","1610612753","ORL","70","21",49,25,8.6,1.2,0.41,4.4,0.327,1.1,0.264,0.8,0.639,0.1,0.286,0.3,0.75,0.478,"2021-22"
"203991","Clint Capela","1610612737","ATL","74","40",34,27.6,11.1,0.2,0.444,0,0,0,0.333,9.5,0.632,0.3,0.5,1,0.492,0.613,"2021-22"
"1629632","Coby White","1610612741","CHI","61","32",29,27.5,12.7,3.6,0.497,5.5,0.405,2.4,0.362,0.2,0.667,0,0,0.3,1,0.539,"2021-22"
"1628998","Cody Martin","1610612766","CHA","70","41",29,26.4,7.6,1.6,0.489,2.3,0.369,0.6,0.315,0.9,0.707,0,0,0.5,0.938,0.549,"2021-22"
"203469","Cody Zeller","1610612757","POR","27","13",14,13.1,5.2,0.4,0.5,0.3,0.5,0,0,2.6,0.612,0.1,0,0.7,0.474,0.567,"2021-22"
"1630175","Cole Anthony","1610612753","ORL","65","18",47,31.7,16.3,5.4,0.444,4,0.363,4.5,0.343,0.5,0.6,0,1,0.1,0.375,0.464,"2021-22"
"1629012","Collin Sexton","1610612739","CLE","11","7",4,28.8,16,6.2,0.5,1.9,0.219,2.1,0.263,2.3,0.833,0,0,0.5,0.6,0.487,"2021-22"
"1630557","Corey Kispert","1610612764","WAS","77","31",46,23.4,8.2,0.8,0.51,4.3,0.359,0.5,0.31,1.4,0.778,0,0,0.5,0.739,0.564,"2021-22"
"202709","Cory Joseph","1610612765","DET","65","19",46,24.6,8,2.7,0.489,2.5,0.444,1.3,0.325,0.5,0.6,0,0.5,0.1,0.5,0.526,"2021-22"
"1628591","Craig Sword","1610612764","WAS","3","1",2,6.3,2,0,0,0,0,0,0,0,0,0,0,0,0,0.75,"2021-22"
"1626156","D'Angelo Russell","1610612750","MIN","65","39",26,31.9,18.1,4.2,0.51,4.6,0.362,6.1,0.357,0.5,0.654,0,0.143,0.4,0.632,0.502,"2021-22"
"201571","D.J. Augustin","1610612747","LAL","55","15",40,16.1,5.3,0.7,0.371,2.7,0.49,1.1,0.301,0.1,1,0,0,0.1,1,0.577,"2021-22"
"1628391","D.J. Wilson","1610612761","TOR","4","2",2,13.5,7.5,0.8,0,0.5,0.5,1.5,0.5,2.3,1,0.5,1,1,1,0.733,"2021-22"
"1629610","DaQuan Jeffries","1610612763","MEM","2","2",0,2.2,0,0,0,0,0,0,0,0,0,0,0,0,0,0,"2021-22"
"1630227","Daishen Nix","1610612745","HOU","24","3",21,10.9,3.2,1.3,0.458,0.5,0.267,0.4,0.231,0.2,0.286,0,0,0.2,1,0.455,"2021-22"
"1629751","Dakota Mathias","1610612763","MEM","5","4",1,2.6,0,0,0,0,0,0,0,0,0,0,0,0,0,0,"2021-22"
"1630625","Dalano Banton","1610612761","TOR","64","37",27,10.9,3.2,0.8,0.39,0.4,0.205,0.6,0.347,0.6,0.531,0,0,0.1,0.333,0.443,"2021-22"
"1627745","Damian Jones","1610612758","SAC","55","18",37,18.4,8.3,0.6,0.65,1.3,0.5,0.1,0.231,4.4,0.734,0.3,0.6,2.2,0.71,0.677,"2021-22"
"203081","Damian Lillard","1610612757","POR","29","12",17,36.4,24,8.2,0.497,3.2,0.364,9.4,0.348,0.6,0.462,0.1,0,0.3,0.667,0.486,"2021-22"
"1627814","Damion Lee","1610612744","GSW","62","41",21,19.8,7.3,1.6,0.506,2.7,0.328,0.9,0.316,0.9,0.833,0,0,0.3,0.615,0.523,"2021-22"
"1628422","Damyean Dotson","1610612752","NYK","2","1",1,10.3,2,2,0.667,0,0,1,0.5,0,0,0,0,0,0,0.5,"2021-22"
"1629655","Daniel Gafford","1610612764","WAS","72","30",42,20.1,9.4,0.3,0.5,0.1,0.154,0,1,7.4,0.739,0.4,0.545,1.4,0.597,0.693,"2021-22"
"1630187","Daniel Oturu","1610612761","TOR","3","1",2,9.1,3,1.3,0.5,0,0,0,0,0.7,1,0,0,0.3,0,0.5,"2021-22"
"1628464","Daniel Theis","1610612738","BOS","47","20",27,20.8,8.2,0.2,0.417,2.7,0.329,0,0.125,3.8,0.692,0.3,1,1,0.588,0.576,"2021-22"
"201568","Danilo Gallinari","1610612737","ATL","66","35",31,25.3,11.7,1.6,0.493,5.3,0.426,2,0.339,1.2,0.614,1.7,0.561,0.6,0.5,0.528,"2021-22"
"201980","Danny Green","1610612755","PHI","62","37",25,21.8,5.9,0.3,0.348,4.7,0.413,0.5,0.224,0.4,0.588,0,0,0,0,0.555,"2021-22"
"1627863","Danuel House Jr.","1610612762","UTA","42","18",24,17.3,5.9,0.8,0.29,2.7,0.384,0.7,0.353,0.5,0.588,0,0,0.1,0.5,0.515,"2021-22"
"1629647","Darius Bazley","1610612760","OKC","69","19",50,27.9,10.8,2.9,0.402,3.2,0.315,0.4,0.245,2.1,0.632,0.1,1,0.9,0.641,0.484,"2021-22"
"1629636","Darius Garland","1610612739","CLE","68","37",31,35.7,21.7,7.8,0.503,3.5,0.385,8.3,0.435,0.6,0.63,0,0,0.5,0.762,0.536,"2021-22"
"201954","Darren Collison","1610612747","LAL","3","1",2,12.4,1.3,0,0,0,0,0,0,0,0,0,0,0,0,0.286,"2021-22"
"1630561","David Duke Jr.","1610612751","BKN","22","10",12,15.5,4.7,0.6,0.238,1.2,0.281,0.2,0.167,1.7,0.6,0,0,0.2,0.667,0.403,"2021-22"
"1630525","David Johnson","1610612761","TOR","2","2",0,1,0,0,0,0,0,0,0,0,0,0,0,0,0,0,"2021-22"
"1628021","David Nwaba","1610612745","HOU","46","6",40,13.2,5.1,1.2,0.459,0.9,0.298,0.2,0.75,1.3,0.714,0,0,0.2,0.429,0.526,"2021-22"
"1630558","Davion Mitchell","1610612758","SAC","74","27",47,27.7,11.4,4,0.502,2.3,0.335,4.2,0.358,0.1,0.5,0,0,0,0.333,0.474,"2021-22"
"202722","Davis Bertans","1610612742","DAL","56","32",24,14.4,5.6,0.1,0.231,3.8,0.34,0.5,0.346,0.4,0.5,0,0,0.3,0.636,0.5,"2021-22"
"1628432","Davon Reed","1610612743","DEN","48","29",19,13.9,4.4,0.5,0.462,1.9,0.437,1.3,0.551,0.4,0.8,0,0,0.3,0.857,0.618,"2021-22"
"1630549","Day'Ron Sharpe","1610612751","BKN","32","12",20,12.2,6.2,0.2,0.375,0.3,0.333,0,0,4.8,0.609,0.4,0.556,0.4,0.313,0.584,"2021-22"
"1628368","De'Aaron Fox","1610612758","SAC","58","21",37,35.4,23.2,12.2,0.518,1.7,0.344,7.7,0.404,0.4,0.667,0.2,0.444,0.3,0.6,0.507,"2021-22"
"1629631","De'Andre Hunter","1610612737","ATL","53","28",25,29.8,13.4,3.8,0.433,4.4,0.401,2.2,0.383,1.4,0.633,0.4,0.353,0.7,0.552,0.506,"2021-22"
"1629001","De'Anthony Melton","1610612763","MEM","72","48",24,22.7,10.9,1.8,0.385,4.5,0.404,2.1,0.323,0.7,0.522,0,0,0.4,0.667,0.507,"2021-22"
"201599","DeAndre Jordan","1610612755","PHI","48","26",22,13,4.3,0,1,0,0,0,0,4,0.652,0.1,0.4,0.2,0.5,0.643,"2021-22"
"1627761","DeAndre' Bembry","1610612749","MIL","56","31",25,18.3,5.1,1.1,0.5,0.8,0.39,0,0,1.5,0.635,0,0,0.3,0.6,0.595,"2021-22"
"1630610","DeJon Jarreau","1610612754","IND","1","0",1,0.9,0,0,0,0,0,0,0,0,0,0,0,0,0,0,"2021-22"
"201942","DeMar DeRozan","1610612741","CHI","76","43",33,36.1,27.9,10.7,0.559,2.5,0.389,11.9,0.491,1,0.646,1.3,0.492,1,0.466,0.521,"2021-22"
"202326","DeMarcus Cousins","1610612743","DEN","48","33",15,14.9,9,1.3,0.545,2.4,0.31,0.1,0.222,2.9,0.634,1.2,0.676,1.1,0.667,0.517,"2021-22"
"1629731","Dean Wade","1610612739","CLE","51","27",24,19.2,5.3,0.7,0.56,3,0.366,0.4,0.409,0.9,0.769,0,0,0,0.25,0.574,"2021-22"
"1629028","Deandre Ayton","1610612756","PHX","58","46",12,29.5,17.2,0.4,0.579,2.9,0.519,0.6,0.533,12.1,0.711,2.4,0.58,3.9,0.653,0.639,"2021-22"
"1629686","Deividas Sirvydis","1610612765","DET","3","1",2,8.9,1,0,0,1,0.167,0,0,0,0,0,0,0,0,0.15,"2021-22"
"1627749","Dejounte Murray","1610612759","SAS","68","30",38,34.8,21.1,9.2,0.505,2.9,0.366,7.4,0.413,1.1,0.55,0,0.333,0.3,0.435,0.5,"2021-22"
"1626153","Delon Wright","1610612737","ATL","77","42",35,18.9,4.4,1.3,0.411,1.3,0.379,0.7,0.412,0.6,0.741,0,0,0.2,0.75,0.535,"2021-22"
"1630166","Deni Avdija","1610612764","WAS","82","35",47,24.2,8.4,2.2,0.493,2.8,0.317,0.5,0.31,1.3,0.641,0.2,0.417,0.4,0.522,0.503,"2021-22"
"203471","Dennis Schröder","1610612745","HOU","63","32",31,28.7,13.4,5.9,0.493,3.1,0.342,3.4,0.388,0.1,0.333,0,0,0.1,0.667,0.486,"2021-22"
"1628372","Dennis Smith Jr.","1610612757","POR","37","15",22,17.3,5.6,2.9,0.433,0.2,0.188,0.8,0.318,0.5,0.5,0,0,0.1,0.4,0.434,"2021-22"
"1627756","Denzel Valentine","1610612762","UTA","24","14",10,9.3,2.9,0.2,0.222,2.3,0.45,0.2,0.154,0.1,0.2,0,0,0.1,1,0.523,"2021-22"
"202324","Derrick Favors","1610612760","OKC","39","15",24,16.7,5.3,0,0,1.8,0.425,0.2,0.6,3.1,0.6,0.1,0.25,1.5,0.587,0.522,"2021-22"
"1627884","Derrick Jones Jr.","1610612741","CHI","51","28",23,17.6,5.6,0.3,0.313,1.2,0.345,0.1,0.5,2.3,0.653,0,0,0.7,0.667,0.59,"2021-22"
"201565","Derrick Rose","1610612752","NYK","26","11",15,24.5,12,5.7,0.529,2.8,0.414,3,0.347,0.4,0.625,0,0,0.2,0.4,0.513,"2021-22"
"1628476","Derrick Walton Jr.","1610612765","DET","3","1",2,36.1,6.3,1.3,0.111,3,0.273,0.7,0.125,0,0,0,0,0,0,0.288,"2021-22"
"1628401","Derrick White","1610612738","BOS","75","40",35,29.3,13.2,5.1,0.486,3.7,0.322,2.4,0.374,0.5,0.708,0,0,0.3,0.875,0.493,"2021-22"
"1630217","Desmond Bane","1610612763","MEM","76","53",23,29.8,18.2,3.2,0.449,5.4,0.44,6.3,0.419,1,0.654,0,0,0.6,0.571,0.565,"2021-22"
"1626164","Devin Booker","1610612756","PHX","67","55",12,34.5,27,6,0.46,4.8,0.422,11.9,0.444,1.3,0.643,0.3,0.429,0.9,0.509,0.535,"2021-22"
"1629962","Devin Cannady","1610612753","ORL","5","2",3,28.9,10,0,0,8.4,0.412,0.6,0.143,0,0,0,0,0,0,0.511,"2021-22"
"1630170","Devin Vassell","1610612759","SAS","71","29",42,27.3,12.3,2.7,0.503,5.7,0.382,2.7,0.386,0.7,0.579,0,0,0.6,0.571,0.516,"2021-22"
"1629653","Devon Dotson","1610612741","CHI","11","5",6,7.7,2.6,1.5,0.778,0.5,0.222,0,0,0,0,0,0,0,0,0.522,"2021-22"
"1629719","Devontae Cacok","1610612759","SAS","15","5",10,8.1,3.1,0.7,0.625,0,0,0.1,0.5,1.4,0.643,0.1,1,1.1,0.778,0.677,"2021-22"
"1628984","Devonte' Graham","1610612740","NOP","75","33",42,28.4,11.9,1.7,0.412,5.5,0.394,3.5,0.301,0.1,0.286,0,0,0.1,0.6,0.485,"2021-22"
"203473","Dewayne Dedmon","1610612748","MIA","67","43",24,15.9,6.3,0.2,0.625,1.2,0.408,0,0.2,3.8,0.644,0.2,0.571,1,0.588,0.598,"2021-22"
"1629712","Didi Louzada","1610612757","POR","9","0",9,14.4,3.9,0,0,2.6,0.381,0.9,0.6,0.2,0.5,0,0,0,0,0.5,"2021-22"
"1628415","Dillon Brooks","1610612763","MEM","31","21",10,27.8,18.5,6.5,0.431,2.8,0.352,6.1,0.371,0.9,0.56,0.5,0.583,0.9,0.565,0.474,"2021-22"
"1627734","Domantas Sabonis","1610612758","SAC","62","21",41,34.4,18.9,1.7,0.577,2.2,0.323,0.2,0.156,9.2,0.682,1.9,0.474,4,0.628,0.598,"2021-22"
"1628378","Donovan Mitchell","1610612762","UTA","67","41",26,33.8,25.9,10.3,0.539,3.9,0.358,9.7,0.394,0.7,0.7,0,0,0.3,0.714,0.533,"2021-22"
"1628978","Donte DiVincenzo","1610612758","SAC","42","21",21,23.9,9,1.1,0.3,4.1,0.356,1.3,0.247,1,0.559,0,0,0.1,0.5,0.461,"2021-22"
"1627827","Dorian Finney-Smith","1610612742","DAL","80","51",29,33,11,1.3,0.488,6.2,0.401,0.5,0.308,1.6,0.645,0.1,0.667,0.5,0.692,0.595,"2021-22"
"203926","Doug McDermott","1610612759","SAS","51","21",30,24,11.3,2.1,0.431,5.4,0.416,1.7,0.446,0.8,0.645,0,0,0.3,0.667,0.578,"2021-22"
"203110","Draymond Green","1610612744","GSW","46","34",12,28.9,7.5,1.9,0.623,1.3,0.333,0.2,0.25,1.5,0.627,0.2,0.667,1.2,0.657,0.556,"2021-22"
"1629234","Drew Eubanks","1610612757","POR","71","19",52,17.5,7.7,0.2,0.385,0.7,0.4,0.3,0.6,4.9,0.656,0.3,0.389,2.2,0.593,0.602,"2021-22"
"1630613","Duane Washington Jr.","1610612754","IND","48","12",36,20.2,9.9,2.8,0.43,4.1,0.404,2,0.351,0.2,0.364,0,0,0.4,0.889,0.5,"2021-22"
"1629130","Duncan Robinson","1610612748","MIA","79","52",27,25.9,10.9,0.7,0.512,6.4,0.349,2.6,0.453,0.6,0.6,0,0,0.1,0.455,0.559,"2021-22"
"2730","Dwight Howard","1610612747","LAL","60","21",39,16.2,6.2,0.1,0.667,0.4,0.381,0.1,0.333,5.3,0.661,0.3,0.7,0.6,0.417,0.63,"2021-22"
"203939","Dwight Powell","1610612742","DAL","82","52",30,21.9,8.7,0.4,0.458,0.5,0.304,0,0.333,6.8,0.759,0.2,0.75,0.8,0.438,0.687,"2021-22"
"1629685","Dylan Windler","1610612739","CLE","50","28",22,9.2,2.2,0.3,0.5,1.2,0.313,0.1,0.167,0.4,0.667,0,0,0,0,0.485,"2021-22"
"202334","Ed Davis","1610612739","CLE","31","15",16,6.5,0.9,0,0,0,0,0,0,0.7,0.643,0,0,0.3,0.667,0.688,"2021-22"
"203901","Elfrid Payton","1610612756","PHX","49","38",11,10.9,2.9,1.8,0.377,0.2,0.176,0.3,0.286,0.3,0.571,0,0,0.1,0.5,0.393,"2021-22"
"1630190","Elijah Hughes","1610612757","POR","36","15",21,12.1,3.5,0.8,0.481,1.4,0.221,0.9,0.325,0.2,0.8,0,0,0,0,0.413,"2021-22"
"1629150","Emanuel Terry","1610612756","PHX","3","2",1,6.1,0,0,0,0,0,0,0,0,0,0,0,0,0,0,"2021-22"
"1626144","Emmanuel Mudiay","1610612758","SAC","2","0",2,5.5,1.5,0.5,0,0,0,0,0,0,0,0,0,0,0,0,"2021-22"
"202683","Enes Freedom","1610612738","BOS","34","20",14,11.8,3.8,0.1,0.5,0.2,0.429,0.1,0.5,2.6,0.535,0.6,0.583,0.6,0.571,0.536,"2021-22"
"202339","Eric Bledsoe","1610612757","POR","53","27",26,25,9.9,4.2,0.515,2.6,0.368,1.7,0.292,0.2,0.667,0,0,0.2,0.375,0.479,"2021-22"
"201569","Eric Gordon","1610612745","HOU","57","19",38,29.3,13.4,5.8,0.578,4.4,0.431,2.4,0.381,0.3,0.455,0.1,1,0.2,0.667,0.585,"2021-22"
"1629672","Eric Paschall","1610612762","UTA","58","36",22,12.7,5.8,2,0.615,2.2,0.391,0.1,0.375,1,0.676,0,0,0.3,0.727,0.57,"2021-22"
"1630647","Eugene Omoruyi","1610612742","DAL","4","1",3,4.5,1.8,0,0,0.8,0.5,0,0,0.3,0,0,0,0,0,0.5,"2021-22"
"203095","Evan Fournier","1610612752","NYK","79","35",44,29.3,13.7,2.6,0.469,6.1,0.403,4.6,0.39,0.2,0.412,0,0,0,0.125,0.535,"2021-22"
"1630596","Evan Mobley","1610612739","CLE","69","40",29,33.8,15,1.9,0.389,1.6,0.301,1.6,0.374,7.2,0.666,1.7,0.442,2.1,0.472,0.522,"2021-22"
"1630267","Facundo Campazzo","1610612743","DEN","65","38",27,18.2,5.1,0.8,0.34,1.9,0.318,1,0.289,0.1,0.444,0,0,0,1,0.459,"2021-22"
"1630624","Feron Hunt","1610612752","NYK","2","2",0,4.2,0,0,0,0,0,0,0,0,0,0,0,0,0,0,"2021-22"
"1628402","Frank Jackson","1610612765","DET","53","9",44,22,10.6,2.2,0.445,4,0.329,1.9,0.371,1.1,0.846,0,0,0.4,0.533,0.491,"2021-22"
"1626163","Frank Kaminsky","1610612756","PHX","9","8",1,20.1,10.6,1.1,0.556,1.9,0.333,0.7,0.6,5.1,0.654,0.3,0.167,3.2,0.733,0.583,"2021-22"
"1628373","Frank Ntilikina","1610612742","DAL","58","34",24,11.8,4.1,0.9,0.442,1.9,0.4,0.8,0.344,0.1,0.5,0,0,0.1,0.667,0.484,"2021-22"
"1630532","Franz Wagner","1610612753","ORL","79","21",58,30.7,15.2,6.4,0.46,2.4,0.366,1.8,0.34,1.5,0.595,0.2,0.429,0.7,0.706,0.517,"2021-22"
"1627832","Fred VanVleet","1610612761","TOR","65","39",26,37.9,20.3,3.9,0.402,6.1,0.425,8.3,0.373,0.2,0.357,0,0,0.1,0.5,0.513,"2021-22"
"1630273","Freddie Gillespie","1610612753","ORL","9","1",8,13.2,2.3,0.2,1,0.2,0.333,0.2,1,1.8,0.438,0,0,0.8,0.6,0.409,"2021-22"
"1627788","Furkan Korkmaz","1610612755","PHI","67","44",23,21.1,7.6,2,0.478,2.5,0.303,1.6,0.305,0.6,0.704,0,0,0.1,0.5,0.469,"2021-22"
"1629216","Gabe Vincent","1610612748","MIA","68","47",21,23.4,8.7,1.7,0.495,3.6,0.396,2.7,0.364,0.3,0.611,0,0,0.1,0.667,0.533,"2021-22"
"1628221","Gabe York","1610612754","IND","2","0",2,10.7,4,1.5,1,1.5,0.2,0,0,0,0,0,0,0.5,0,0.357,"2021-22"
"1630466","Gabriel Deck","1610612760","OKC","7","2",5,7.9,2.6,0.6,1,0.9,0.4,0.6,0.667,0.6,0.5,0,0,0.3,1,0.643,"2021-22"
"1630994","Gabriel Lundberg","1610612756","PHX","4","1",3,11.1,3.3,0,0,1.5,0.4,1.8,0.273,0,0,0,0,0,0,0.342,"2021-22"
"202066","Garrett Temple","1610612740","NOP","58","22",36,18.6,5.2,0.6,0.343,2.8,0.344,0.5,0.211,0.6,0.667,0,0,0.2,0.556,0.476,"2021-22"
"1629726","Garrison Mathews","1610612745","HOU","65","19",46,26.3,10,0.5,0.391,5.6,0.367,0.9,0.328,0.5,0.737,0,0,0,0.333,0.55,"2021-22"
"1629109","Gary Clark","1610612740","NOP","37","19",18,9.8,2.5,0.2,0.333,1.7,0.382,0.3,0.444,0.1,0.143,0.1,0,0,0,0.506,"2021-22"
"203914","Gary Harris","1610612753","ORL","61","16",45,28.4,11.1,1.8,0.495,5.3,0.425,1.4,0.271,0.6,0.615,0,0,0.3,0.615,0.539,"2021-22"
"1627780","Gary Payton II","1610612744","GSW","70","47",23,17.6,7.1,0.2,0.556,1.8,0.361,0,0.2,3.2,0.792,0.1,0.75,0.5,0.792,0.679,"2021-22"
"1629018","Gary Trent Jr.","1610612761","TOR","70","44",26,35,18.3,3,0.426,5.9,0.404,7,0.395,0.4,0.5,0.1,0.5,0.3,0.533,0.511,"2021-22"
"201588","George Hill","1610612749","MIL","54","36",18,23.2,6.2,1.4,0.408,2.2,0.367,0.5,0.218,1,0.774,0,1,0.2,0.714,0.504,"2021-22"
"1628994","George King","1610612742","DAL","4","2",2,4.8,0.3,0,0,0,0,0,0,0,0,0,0,0,0,0,"2021-22"
"1627777","Georges Niang","1610612755","PHI","76","48",28,22.8,9.2,1.7,0.495,5.9,0.4,0.5,0.333,0.3,0.55,0.1,0.667,0.1,0.556,0.575,"2021-22"
"1630686","Georgios Kalaitzakis","1610612760","OKC","13","8",5,16.4,6.6,0.9,0.417,2.1,0.36,0.5,0.25,1.1,0.6,0,0,0.2,0.5,0.537,"2021-22"
"203507","Giannis Antetokounmpo","1610612749","MIL","67","45",22,32.9,29.9,8.1,0.608,1.2,0.358,5.5,0.362,6.4,0.671,2.6,0.532,2.4,0.548,0.582,"2021-22"
"1629048","Goga Bitadze","1610612754","IND","50","17",33,14.6,7,0.2,0.714,1.4,0.282,0,0.125,4,0.634,0.4,0.462,1.2,0.606,0.565,"2021-22"
"201609","Goran Dragic","1610612751","BKN","21","10",11,23.7,7.5,3,0.491,2,0.286,1.2,0.25,0.3,0.5,0.1,1,0,0,0.43,"2021-22"
"202330","Gordon Hayward","1610612766","CHA","48","26",22,31.9,15.7,3.5,0.395,4.8,0.402,3.8,0.439,1.6,0.492,0.4,0.35,1.1,0.655,0.524,"2021-22"
"203476","Gorgui Dieng","1610612737","ATL","44","23",21,8.4,3.5,0.1,0.222,1.6,0.391,0.9,0.556,0.8,0.733,0.1,0.5,0.3,0.75,0.603,"2021-22"
"1629684","Grant Williams","1610612738","BOS","76","49",27,24.5,7.9,0.9,0.455,3.9,0.413,0.3,0.29,1.7,0.716,0.3,0.6,0.4,0.706,0.601,"2021-22"
"1628960","Grayson Allen","1610612749","MIL","66","43",23,27.3,11.1,1.9,0.46,5.6,0.401,2.1,0.441,0.7,0.643,0,0,0.1,0.6,0.588,"2021-22"
"1630535","Greg Brown III","1610612757","POR","48","14",34,13.3,4.7,0.5,0.227,1.1,0.295,0.2,0.158,1.7,0.679,0,0,0.4,0.636,0.476,"2021-22"
"202328","Greg Monroe","1610612750","MIN","14","7",7,13.9,5.4,0.1,0.5,0,0,0,0,3.9,0.639,0.4,0.333,0.7,0.429,0.561,"2021-22"
"1628977","Hamidou Diallo","1610612765","DET","57","14",43,21.8,10.9,3.6,0.494,1.2,0.242,1.6,0.411,2.7,0.627,0,0,0.8,0.636,0.52,"2021-22"
"203084","Harrison Barnes","1610612758","SAC","76","26",50,33.6,16.5,5.2,0.483,4.5,0.418,1.6,0.35,2,0.579,0.6,0.395,0.4,0.381,0.554,"2021-22"
"202355","Hassan Whiteside","1610612762","UTA","65","40",25,17.9,8.2,0.2,0.75,0.2,0.316,0,0.1,6.8,0.705,0.5,0.364,1.2,0.625,0.652,"2021-22"
"1629755","Hassani Gravett","1610612753","ORL","8","2",6,21.4,6.3,1.3,0.625,3.4,0.563,1.8,0.375,0.3,1,0,0,0.3,1,0.618,"2021-22"
"1629312","Haywood Highsmith","1610612748","MIA","19","13",6,8.6,2.3,0.3,0.75,1.6,0.367,0.1,0.333,0.4,0.3,0,0,0.1,0.333,0.446,"2021-22"
"1630529","Herbert Jones","1610612740","NOP","77","35",42,29.8,9.5,2.3,0.46,2.6,0.358,0.2,0.292,1.4,0.603,0,0,0.5,0.778,0.526,"2021-22"
"1629649","Ignas Brazdeikis","1610612753","ORL","42","9",33,12.8,5,1.5,0.474,1.6,0.319,0.5,0.346,0.5,0.643,0,0,0.1,0.667,0.503,"2021-22"
"1630193","Immanuel Quickley","1610612752","NYK","77","34",43,23.1,11.2,3.6,0.459,1.7,0.319,5.1,0.36,0.1,0.273,0,0,0.2,0.571,0.485,"2021-22"
"1629067","Isaac Bonga","1610612761","TOR","15","9",6,4.6,0.8,0.1,0,0.2,0.2,0,0,0.1,0.5,0,0,0.1,0,0.269,"2021-22"
"1630171","Isaac Okoro","1610612739","CLE","67","34",33,29.6,8.8,1.6,0.417,2.5,0.374,0,0.053,1.6,0.657,0,0,0.3,0.563,0.544,"2021-22"
"1628392","Isaiah Hartenstein","1610612746","LAC","68","37",31,17.9,8.3,0.7,0.432,1.2,0.556,0.2,0.278,5,0.706,0.1,0.25,2.5,0.67,0.645,"2021-22"
"1630543","Isaiah Jackson","1610612754","IND","36","9",27,15,8.3,0.2,0.333,0.5,0.318,0.1,0.182,5.8,0.654,0.3,0.429,1.2,0.484,0.575,"2021-22"
"1630198","Isaiah Joe","1610612755","PHI","55","35",20,11.1,3.6,0.2,0.385,2.3,0.364,0.4,0.22,0.1,0.4,0,0,0.1,0.333,0.477,"2021-22"
"1630587","Isaiah Livers","1610612765","DET","19","8",11,20.2,6.4,0.9,0.667,4.1,0.426,0.6,0.385,0.7,0.714,0,0,0,0,0.606,"2021-22"
"1629676","Isaiah Roby","1610612760","OKC","45","10",35,21.1,10.1,1.3,0.44,2.3,0.4,0.8,0.542,3.7,0.602,0.2,0.667,0.8,0.333,0.582,"2021-22"
"1630191","Isaiah Stewart","1610612765","DET","70","21",49,25.6,8.3,0.2,0.462,1,0.36,0,0.111,6.1,0.563,0.7,0.479,0.8,0.52,0.526,"2021-22"
"202738","Isaiah Thomas","1610612766","CHA","22","12",10,15.2,8.4,2.6,0.429,2.5,0.358,3.3,0.437,0.1,0.333,0,0,0,0,0.485,"2021-22"
"1630225","Isaiah Todd","1610612764","WAS","12","1",11,6.2,1.7,0.2,0.333,1.2,0.294,0,0,0,0,0,0,0,0,0.346,"2021-22"
"202397","Ish Smith","1610612764","WAS","64","27",37,17.4,6.4,2.5,0.445,0.6,0.448,3.5,0.428,0.2,0.429,0,0,0,0.25,0.46,"2021-22"
"1630688","Ish Wainright","1610612756","PHX","44","35",9,7.9,2.4,0.4,0.692,1.3,0.306,0,0,0.6,0.476,0,0,0.1,0.333,0.485,"2021-22"
"1627826","Ivica Zubac","1610612746","LAC","76","40",36,24.4,10.3,0.2,0.636,0.2,0.375,0.1,0.75,7.9,0.658,1.7,0.549,1.6,0.545,0.626,"2021-22"
"1630550","JT Thor","1610612766","CHA","33","18",15,7.9,2,0.5,0.5,0.7,0.296,0.1,0.333,0.4,0.6,0.1,0.5,0,0,0.5,"2021-22"
"1629630","Ja Morant","1610612763","MEM","56","35",21,33.3,27.5,14.8,0.51,2.3,0.368,5.6,0.375,1.8,0.703,0,0,0.5,0.706,0.53,"2021-22"
"203210","JaMychal Green","1610612743","DEN","67","36",31,16.2,6.4,0.1,0.333,1.7,0.293,0.1,0.333,3.3,0.637,0.3,0.571,0.6,0.64,0.537,"2021-22"
"1630605","JaQuori McLaughlin","1610612742","DAL","4","2",2,2.7,0,0,0,0,0,0,0,0,0,0,0,0,0,0,"2021-22"
"201580","JaVale McGee","1610612756","PHX","74","57",17,15.8,9.2,0.5,0.421,0.2,0.292,0.3,0.423,6.7,0.704,0.6,0.543,1.5,0.57,0.631,"2021-22"
"203953","Jabari Parker","1610612738","BOS","12","4",8,9.4,4.4,0.2,0,1.8,0.467,0.6,0.375,0.9,0.667,0.2,1,0.5,0.75,0.579,"2021-22"
"1630183","Jaden McDaniels","1610612750","MIN","70","40",30,25.8,9.2,1.9,0.538,3.2,0.313,0.9,0.452,1.7,0.632,0,0,0.5,0.762,0.532,"2021-22"
"1630531","Jaden Springer","1610612755","PHI","2","2",0,2.8,1,0,0,0,0,0,0,1,1,0,0,0,0,1,"2021-22"
"203109","Jae Crowder","1610612756","PHX","67","54",13,28.1,9.4,1.1,0.574,5.4,0.37,1.5,0.353,0.4,0.44,0,0,0.3,0.421,0.516,"2021-22"
"1630256","Jae'Sean Tate","1610612745","HOU","78","19",59,26.4,11.8,2.9,0.508,2.2,0.306,0.3,0.308,3.4,0.625,0.6,0.581,0.9,0.483,0.541,"2021-22"
"1630186","Jahmi'us Ramsey","1610612758","SAC","19","2",17,7,3.2,1,0.333,0.7,0.294,0.6,0.417,0.3,0.75,0,0,0.2,0.667,0.457,"2021-22"
"1630693","Jaime Echenique","1610612764","WAS","1","1",0,3.1,0,0,0,0,0,0,0,0,0,0,0,0,0,0,"2021-22"
"1627774","Jake Layman","1610612750","MIN","34","20",14,6.8,2.4,0.3,0.273,0.7,0.242,0.2,0.333,0.6,0.636,0,0,0.2,1,0.466,"2021-22"
"1627751","Jakob Poeltl","1610612759","SAS","68","30",38,29,13.5,0.6,0.581,1.4,0.528,0.3,0.4,8.5,0.664,1.1,0.523,3.8,0.593,0.619,"2021-22"
"1628973","Jalen Brunson","1610612742","DAL","79","50",29,31.9,16.3,8.4,0.567,2.7,0.407,5,0.451,0.2,0.545,0.2,0.357,0.2,0.636,0.549,"2021-22"
"1630224","Jalen Green","1610612745","HOU","67","12",55,31.9,17.3,5.1,0.468,4,0.344,4.3,0.348,1.4,0.815,0,0,0.2,0.455,0.508,"2021-22"
"1630552","Jalen Johnson","1610612737","ATL","22","14",8,5.5,2.4,0.5,0.5,0.4,0.25,0,0,0.8,1,0,0,0,0,0.573,"2021-22"
"1629667","Jalen McDaniels","1610612766","CHA","54","34",20,16.3,6.2,1.6,0.475,2.2,0.37,0.3,0.412,0.8,0.528,0,0,0.3,0.538,0.562,"2021-22"
"1630188","Jalen Smith","1610612754","IND","50","28",22,17.8,9,0.5,0.435,2.8,0.359,0.1,0.176,4.1,0.683,0.5,0.643,0.8,0.567,0.56,"2021-22"
"1630591","Jalen Suggs","1610612753","ORL","48","16",32,27.2,11.8,4,0.384,1.6,0.23,2,0.234,0.7,0.667,0.2,0.75,0.3,0.778,0.4,"2021-22"
"1630547","James Bouknight","1610612766","CHA","30","15",15,10,4.7,1.3,0.318,0.9,0.333,0.9,0.294,0.8,0.6,0,0,0.1,0.333,0.417,"2021-22"
"203516","James Ennis III","1610612743","DEN","7","3",4,7.9,4.1,0.9,0.5,1.3,0.375,0,0,1.1,0.5,0,0,0.3,0,0.521,"2021-22"
"201935","James Harden","1610612755","PHI","65","40",25,37.2,22,9.1,0.469,1.1,0.319,7,0.344,0.8,0.649,0.2,0.5,0.1,0.4,0.485,"2021-22"
"201949","James Johnson","1610612751","BKN","62","30",32,19.2,5.5,2,0.579,0.9,0.292,0.2,0.182,1.2,0.586,0,1,0.3,0.5,0.507,"2021-22"
"1630691","Jamorko Pickett","1610612765","DET","13","4",9,13.6,3.8,0,0,2.5,0.297,0.5,0.333,0.6,0.8,0,0,0,0,0.49,"2021-22"
"1630215","Jared Butler","1610612762","UTA","42","31",11,8.6,3.8,1.2,0.512,0.9,0.371,1.7,0.384,0.1,1,0,0,0,1,0.497,"2021-22"
"1629607","Jared Harper","1610612740","NOP","5","2",3,8.6,7.4,2.2,0.625,1.8,0.375,3.2,0.636,0,0,0,0,0,0,0.635,"2021-22"
"1628991","Jaren Jackson Jr.","1610612763","MEM","77","52",25,27.3,16.4,4.8,0.439,5.1,0.338,0.5,0.293,2.8,0.531,1.5,0.494,1.2,0.487,0.478,"2021-22"
"1629020","Jarred Vanderbilt","1610612750","MIN","74","41",33,25.4,6.9,0.1,0.385,0.1,0.118,0,0.333,4.3,0.594,0,0,0.9,0.652,0.59,"2021-22"
"1628386","Jarrett Allen","1610612739","CLE","56","35",21,32.3,16.1,1.1,0.765,0.6,0.391,0.1,0.429,11.7,0.719,1.7,0.569,2.8,0.606,0.678,"2021-22"
"1629633","Jarrett Culver","1610612763","MEM","36","27",9,9.2,3.6,1,0.429,0.8,0.273,0.7,0.314,0.4,0.5,0,0,0,0,0.424,"2021-22"
"1629600","Jarron Cumberland","1610612757","POR","3","0",3,4.1,0.7,0,0,0,0,0,0,0,0,0,0,0,0,0.5,"2021-22"
"1629602","Javin DeLaurier","1610612749","MIL","1","1",0,2.8,0,0,0,0,0,0,0,0,0,0,0,0,0,0,"2021-22"
"1629750","Javonte Green","1610612741","CHI","65","38",27,23.4,7.2,1.2,0.563,1.6,0.347,0.2,0.5,2.2,0.632,0,0,0.5,0.632,0.597,"2021-22"
"1630606","Javonte Smart","1610612748","MIA","17","11",6,11.8,3,0.6,0.313,1.1,0.353,0.7,0.227,0.3,1,0,0,0.2,0.5,0.383,"2021-22"
"1629637","Jaxson Hayes","1610612740","NOP","69","28",41,20.1,9.4,0.7,0.444,1,0.333,0.1,0.154,4.6,0.687,0.2,0.556,1,0.615,0.639,"2021-22"
"1630643","Jay Huff","1610612747","LAL","4","0",4,5.1,0,0,0,0,0,0,0,0,0,0,0,0,0,0,"2021-22"
"1630206","Jay Scrubb","1610612746","LAC","17","8",9,7,2.8,0.6,0.5,0.7,0.235,0.8,0.462,0.1,0.333,0,0,0,0,0.467,"2021-22"
"1627759","Jaylen Brown","1610612738","BOS","65","43",22,33.6,23.7,6.4,0.513,5.6,0.391,5.3,0.397,2.1,0.655,0.7,0.444,1.2,0.585,0.542,"2021-22"
"1629658","Jaylen Hoard","1610612760","OKC","7","2",5,34.2,14.7,3.3,0.391,3.4,0.364,1,0.3,5.4,0.679,0.9,0.6,0.7,0.667,0.539,"2021-22"
"1628537","Jaylen Morris","1610612759","SAS","3","0",3,5.3,0.7,0,0,0,0,0,0,0,0,0,0,0,0,0,"2021-22"
"1629669","Jaylen Nowell","1610612750","MIN","62","37",25,15.7,8.5,3,0.469,2.2,0.39,2.1,0.452,0.7,0.778,0,0,0.4,0.769,0.551,"2021-22"
"1629873","Jaysean Paige","1610612765","DET","1","1",0,6.6,0,0,0,0,0,0,0,0,0,0,0,0,0,0,"2021-22"
"1628369","Jayson Tatum","1610612738","BOS","75","49",26,35.9,26.8,7.5,0.488,4.4,0.384,7.4,0.351,2.2,0.609,1,0.484,1.3,0.554,0.524,"2021-22"
"1630288","Jeff Dowtin Jr.","1610612753","ORL","9","4",5,12,2.1,0.2,0.167,0.3,0.125,0.7,0.333,0,0,0,0,0,0,0.327,"2021-22"
"201145","Jeff Green","1610612743","DEN","75","44",31,24.7,10.3,1.5,0.586,2.1,0.316,0.5,0.333,3.3,0.671,1,0.537,1.1,0.673,0.574,"2021-22"
"1629203","Jemerrio Jones","1610612747","LAL","2","0",2,7.4,2,0,0,0,0,0,0,1,0.5,0,0,1,1,0.667,"2021-22"
"203924","Jerami Grant","1610612765","DET","47","11",36,31.9,19.2,5,0.491,6.1,0.378,3.1,0.36,1.3,0.629,1,0.483,0.4,0.316,0.491,"2021-22"
"1630526","Jeremiah Robinson-Earl","1610612760","OKC","49","15",34,22.2,7.5,0.2,0.357,3.8,0.34,0.1,0.273,2.6,0.549,0.1,0.667,0.7,0.414,0.503,"2021-22"
"203087","Jeremy Lamb","1610612758","SAC","56","23",33,16.7,7.3,2.4,0.418,2,0.336,2,0.362,0.5,0.591,0,0,0.1,0.5,0.463,"2021-22"
"1630579","Jericho Sims","1610612752","NYK","41","19",22,13.5,2.2,0,0,0,0,0,0,2.1,0.76,0.1,1,0.2,0.571,0.722,"2021-22"
"1628975","Jevon Carter","1610612749","MIL","66","39",27,13.7,4.2,0.2,0.304,2,0.361,1.8,0.44,0.1,0.667,0,0,0.1,0.667,0.518,"2021-22"
"202710","Jimmy Butler III","1610612748","MIA","57","38",19,33.9,21.4,7.6,0.495,1.5,0.314,3.6,0.394,4.6,0.671,1.7,0.423,1.3,0.596,0.496,"2021-22"
"1629111","Jock Landale","1610612759","SAS","54","24",30,10.9,4.9,0.1,0,1.6,0.326,0.1,0.429,2.3,0.679,0.3,0.563,0.5,0.857,0.566,"2021-22"
"203925","Joe Harris","1610612751","BKN","14","10",4,30.2,11.3,1.4,0.348,8.1,0.463,1.2,0.438,0.3,0.667,0,0,0.1,0.25,0.617,"2021-22"
"204060","Joe Ingles","1610612757","POR","45","28",17,24.9,7.2,1.6,0.66,3.8,0.373,1.6,0.309,0,0,0,0,0,0,0.54,"2021-22"
"2207","Joe Johnson","1610612738","BOS","1","1",0,2,2,0,0,0,0,2,1,0,0,0,0,0,0,1,"2021-22"
"1630580","Joe Wieskamp","1610612759","SAS","29","11",18,7.1,2.1,0.1,0.333,1.2,0.353,0.4,0.267,0.1,0,0,0,0.1,1,0.482,"2021-22"
"1630555","Joel Ayayi","1610612764","WAS","7","1",6,2.9,0.3,0,0,0,0,0.3,0.2,0,0,0,0,0,0,0.167,"2021-22"
"203954","Joel Embiid","1610612755","PHI","68","45",23,33.8,30.6,4.9,0.6,4.8,0.406,6.5,0.411,5.8,0.623,6.5,0.471,3.6,0.557,0.534,"2021-22"
"1628381","John Collins","1610612737","ATL","54","26",28,30.8,16.2,1.6,0.567,4.7,0.4,0.8,0.407,5.5,0.653,1.8,0.411,1.5,0.58,0.576,"2021-22"
"1629723","John Konchar","1610612763","MEM","72","48",24,17.9,4.8,0.6,0.621,2,0.427,0.3,0.281,1.1,0.66,0,0,0.4,0.65,0.615,"2021-22"
"1630257","Jon Teske","1610612763","MEM","2","2",0,2.3,0,0,0,0,0,0,0,0,0,0,0,0,0,0,"2021-22"
"202685","Jonas Valančiūnas","1610612740","NOP","73","33",40,30.3,17.9,0.8,0.417,4,0.439,0.6,0.328,8.7,0.654,3.8,0.552,1.9,0.546,0.576,"2021-22"
"1630228","Jonathan Kuminga","1610612744","GSW","69","44",25,16.9,9.3,2.3,0.584,2.1,0.363,0.3,0.263,1.9,0.658,0.7,0.6,0.8,0.633,0.572,"2021-22"
"1628395","Jordan Bell","1610612741","CHI","1","1",0,2,0,0,0,0,0,0,0,0,0,0,0,0,0,0,"2021-22"
"203903","Jordan Clarkson","1610612762","UTA","79","47",32,27.1,16,6.5,0.533,3.7,0.307,4.9,0.375,0.6,0.611,0.1,0.6,0.3,0.75,0.504,"2021-22"
"1630692","Jordan Goodwin","1610612764","WAS","2","1",1,3,0,0,0,0,0,0,0,0,0,0,0,0,0,0,"2021-22"
"1629162","Jordan McLaughlin","1610612750","MIN","62","36",26,14.5,3.8,0.8,0.322,1,0.328,0.5,0.306,0.5,0.684,0,0,0.3,0.8,0.508,"2021-22"
"1629670","Jordan Nwora","1610612749","MIL","62","34",28,19.1,7.9,1.7,0.454,2.8,0.337,2,0.331,0.7,0.645,0,0,0.2,0.545,0.488,"2021-22"
"1629673","Jordan Poole","1610612744","GSW","75","49",26,30,18.6,5.2,0.549,5.4,0.38,4.6,0.379,0.6,0.8,0,0,0.3,0.563,0.551,"2021-22"
"1630648","Jordan Schakel","1610612764","WAS","4","1",3,7.6,1.3,0,0,0.8,0.167,0,0,0,0,0,0,0,0,0.136,"2021-22"
"1630631","Jose Alvarado","1610612740","NOP","53","24",29,15.5,6.2,2.7,0.553,1.7,0.352,0.9,0.353,0.6,0.786,0,0,0.1,0.667,0.507,"2021-22"
"1630528","Josh Christopher","1610612745","HOU","74","18",56,18,7.9,2.4,0.465,1.6,0.308,1.5,0.343,0.9,0.556,0,0,0.5,0.737,0.504,"2021-22"
"1630581","Josh Giddey","1610612760","OKC","54","17",37,31.5,12.5,4.5,0.441,2.5,0.272,2.5,0.343,1.9,0.62,0,0,0.6,0.75,0.461,"2021-22"
"1630182","Josh Green","1610612742","DAL","67","44",23,15.5,4.8,0.8,0.436,1.2,0.355,0.4,0.359,1.2,0.735,0,0.5,0.2,0.714,0.563,"2021-22"
"1628404","Josh Hart","1610612757","POR","53","19",34,33.1,15,4.2,0.578,2.7,0.331,2.3,0.386,1,0.556,0.1,1,0.4,0.571,0.571,"2021-22"
"1628367","Josh Jackson","1610612758","SAC","50","12",38,16.3,6.4,1,0.412,1.7,0.267,0.9,0.308,0.9,0.606,0.1,0.25,0.2,0.286,0.458,"2021-22"
"1629006","Josh Okogie","1610612750","MIN","49","23",26,10.5,2.7,0.5,0.421,0.8,0.277,0.1,1,0.4,0.5,0,1,0,0.333,0.471,"2021-22"
"1626196","Josh Richardson","1610612759","SAS","64","38",26,24.7,10.3,2.2,0.414,4.8,0.424,1.9,0.413,0.8,0.676,0.1,1,0.3,0.6,0.535,"2021-22"
"1630563","Joshua Primo","1610612759","SAS","50","22",28,19.3,5.8,1.3,0.348,2.2,0.298,0.6,0.295,0.4,0.692,0,0,0.2,0.8,0.452,"2021-22"
"201950","Jrue Holiday","1610612749","MIL","67","47",20,32.9,18.3,6.7,0.518,1.9,0.43,7.1,0.458,1.5,0.639,1.2,0.623,0.7,0.655,0.57,"2021-22"
"1629308","Juan Toscano-Anderson","1610612744","GSW","73","51",22,13.6,4.1,0.8,0.51,1,0.312,0.3,0.412,0.9,0.592,0,0.5,0.2,0.667,0.549,"2021-22"
"1627823","Juancho Hernangomez","1610612762","UTA","40","20",20,11.1,3.3,0.3,0.25,1.8,0.358,0,0,0.8,0.765,0,0,0.2,0.5,0.528,"2021-22"
"203944","Julius Randle","1610612752","NYK","71","31",40,35.3,20.1,4.6,0.478,3.3,0.292,5.5,0.346,2.8,0.6,2,0.421,1.5,0.562,0.459,"2021-22"
"1626147","Justin Anderson","1610612754","IND","16","3",13,19.7,6.4,1.3,0.545,2.3,0.226,1.4,0.5,0.4,0.4,0,0,0.4,1,0.458,"2021-22"
"1630551","Justin Champagnie","1610612761","TOR","36","21",15,7.8,2.3,0.1,0.5,0.9,0.379,0,0,1,0.552,0,0,0.1,0,0.537,"2021-22"
"203200","Justin Holiday","1610612758","SAC","74","25",49,27.8,10.1,0.4,0.407,5.9,0.365,2.1,0.389,0.7,0.595,0,0,0.2,0.375,0.528,"2021-22"
"1628382","Justin Jackson","1610612756","PHX","6","5",1,5.1,1.2,0,0,0.5,0.2,0.3,0.2,0,0,0,0,0,0,0.227,"2021-22"
"1629620","Justin Robinson","1610612765","DET","24","13",11,12.3,3.1,0.3,0.231,1.8,0.292,0.8,0.258,0.1,1,0,0,0,0,0.39,"2021-22"
"1626159","Justise Winslow","1610612757","POR","47","24",23,16.2,5.8,0.9,0.429,1.1,0.26,0.3,0.226,2.1,0.613,0.3,0.625,0.4,0.474,0.459,"2021-22"
"203994","Jusuf Nurkić","1610612757","POR","56","25",31,28.2,15,0.7,0.542,1,0.275,0.2,0.25,5.9,0.587,3,0.451,2.9,0.614,0.548,"2021-22"
"1629752","Juwan Morgan","1610612738","BOS","2","1",1,15.5,2.5,0,0,1.5,0.5,0,0,1,1,0,0,0,0,0.833,"2021-22"
"1630231","KJ Martin","1610612745","HOU","79","20",59,21,8.8,1.4,0.489,2.2,0.358,0.1,0.286,2.7,0.681,0.1,0.429,0.7,0.6,0.591,"2021-22"
"1629644","KZ Okpala","1610612748","MIA","21","14",7,11.6,3.7,0.4,0.333,1.3,0.346,0.1,0.333,0.7,0.35,0,0,0.4,0.8,0.5,"2021-22"
"1630539","Kai Jones","1610612766","CHA","20","14",6,3,1.1,0.1,0,0.2,0.333,0,0,0.8,1,0,0,0,0,0.679,"2021-22"
"1626157","Karl-Anthony Towns","1610612750","MIN","74","44",30,33.5,24.6,6.6,0.583,5.8,0.404,1.7,0.4,4.3,0.627,2.6,0.55,2.7,0.585,0.591,"2021-22"
"1626208","Keifer Sykes","1610612754","IND","32","6",26,17.7,5.6,0.8,0.282,2.1,0.344,1.4,0.253,0.4,0.857,0,0,0.2,0.6,0.434,"2021-22"
"1628966","Keita Bates-Diop","1610612759","SAS","59","23",36,16.2,5.7,0.6,0.31,1.1,0.359,0.2,0.294,2.3,0.685,0.1,0.25,0.4,0.529,0.549,"2021-22"
"1629103","Kelan Martin","1610612738","BOS","30","14",16,15,5.7,1.3,0.439,2,0.333,1.4,0.357,0.7,0.667,0,0,0,0,0.474,"2021-22"
"1629640","Keldon Johnson","1610612759","SAS","75","33",42,31.9,17,5.2,0.441,6.1,0.418,1.3,0.328,1.8,0.655,0.3,0.533,0.3,0.474,0.545,"2021-22"
"1629833","Keljin Blevins","1610612757","POR","31","4",27,11.3,3.1,0.4,0.357,1.5,0.296,0.7,0.286,0.3,0.4,0,0,0.1,0,0.401,"2021-22"
"203482","Kelly Olynyk","1610612765","DET","40","13",27,19.1,9.1,0.9,0.433,2.7,0.396,1,0.259,2.6,0.562,0.8,0.6,0.8,0.6,0.517,"2021-22"
"1626162","Kelly Oubre Jr.","1610612766","CHA","75","39",36,26.5,15,2.7,0.479,6.1,0.35,2.2,0.343,1.5,0.645,0,0,0.6,0.895,0.543,"2021-22"
"202689","Kemba Walker","1610612752","NYK","37","16",21,25.6,11.6,3.5,0.467,2.3,0.397,5.2,0.361,0.1,1,0,0,0.1,1,0.501,"2021-22"
"1629026","Kenrich Williams","1610612760","OKC","49","17",32,21.9,7.4,1.5,0.5,2.1,0.35,1.3,0.37,2.1,0.643,0,0,0.4,0.538,0.525,"2021-22"
"203145","Kent Bazemore","1610612747","LAL","39","16",23,14,3.4,0.3,0.333,1.7,0.328,0.7,0.278,0.3,0.25,0,0,0.1,0.4,0.428,"2021-22"
"203484","Kentavious Caldwell-Pope","1610612764","WAS","77","34",43,30.2,13.2,1.9,0.408,5.5,0.419,3.5,0.401,0.9,0.553,0.1,1,0.5,0.486,0.531,"2021-22"
"1630553","Keon Johnson","1610612757","POR","36","8",28,19.3,7.4,2.4,0.4,1.4,0.288,1.8,0.261,0.8,0.55,0,0,0.2,0.333,0.419,"2021-22"
"1630556","Kessler Edwards","1610612751","BKN","48","22",26,20.6,5.9,0.5,0.412,2.9,0.34,0.5,0.464,1,0.468,0,0,0.4,0.583,0.502,"2021-22"
"201142","Kevin Durant","1610612751","BKN","55","36",19,37.2,29.9,7.1,0.544,6,0.496,12.3,0.488,2,0.662,2.1,0.592,2.6,0.624,0.57,"2021-22"
"1628989","Kevin Huerter","1610612737","ATL","74","40",34,29.6,12.1,2.4,0.466,5.6,0.428,3.2,0.417,1,0.786,0,0,0.4,0.615,0.559,"2021-22"
"1628995","Kevin Knox II","1610612737","ATL","30","18",12,7.4,3.1,0.3,0.3,1.4,0.275,0.2,0.182,0.5,0.7,0,0,0.1,0,0.453,"2021-22"
"201567","Kevin Love","1610612739","CLE","74","38",36,22.5,13.6,0.5,0.469,7.2,0.395,1.7,0.353,2.5,0.623,1.3,0.48,0.6,0.5,0.553,"2021-22"
"1630698","Kevin Pangos","1610612739","CLE","24","16",8,6.9,1.6,0.7,0.444,0.3,0.125,0.8,0.438,0,0,0,0,0,0,0.391,"2021-22"
"1629645","Kevin Porter Jr.","1610612745","HOU","61","16",45,31.3,15.6,4.1,0.458,2.9,0.476,5.9,0.332,0.9,0.694,0.1,0.2,0.4,0.611,0.511,"2021-22"
"1626172","Kevon Looney","1610612744","GSW","81","53",28,21.1,6,0.4,0.353,0.2,0.243,0.1,0.182,3.3,0.653,0.1,0.4,0.9,0.615,0.574,"2021-22"
"203920","Khem Birch","1610612761","TOR","55","34",21,18,4.5,0.3,0.667,0.5,0.326,0.1,0.333,2.9,0.537,0.1,0.667,1.1,0.533,0.485,"2021-22"
"203114","Khris Middleton","1610612749","MIL","66","44",22,32.4,20.1,3.9,0.5,4.3,0.391,7.8,0.413,1,0.62,0.8,0.397,0.2,0.318,0.522,"2021-22"
"1630165","Killian Hayes","1610612765","DET","65","21",44,24.9,6.9,2.5,0.422,2,0.317,1.2,0.277,0.5,0.619,0,0,0.2,0.556,0.435,"2021-22"
"1629681","Killian Tillie","1610612763","MEM","35","26",9,12.6,3.2,0.4,0.35,2.1,0.313,0.1,0.286,0.2,0.364,0,0,0.1,0.5,0.446,"2021-22"
"1630184","Kira Lewis Jr.","1610612740","NOP","24","6",18,14.2,5.9,2.5,0.519,1.1,0.243,1.3,0.277,0.2,0.667,0,0,0.1,0.5,0.449,"2021-22"
"202691","Klay Thompson","1610612744","GSW","32","17",15,29.4,20.4,3,0.448,7.8,0.36,7.8,0.451,1,0.5,0.6,0.4,0.4,0.3,0.529,"2021-22"
"1627739","Kris Dunn","1610612757","POR","14","1",13,24,7.6,3.8,0.465,0.2,0.125,1.6,0.367,0.6,0.667,1.1,0.857,0.3,0.5,0.436,"2021-22"
"204001","Kristaps Porziņģis","1610612764","WAS","51","26",25,29,20.2,2.1,0.5,6,0.345,2.5,0.434,6.1,0.639,3.1,0.461,2.4,0.544,0.51,"2021-22"
"203937","Kyle Anderson","1610612763","MEM","69","46",23,21.5,7.6,2.2,0.434,1.6,0.352,1,0.337,1.5,0.57,0,0.333,0.8,0.735,0.484,"2021-22"
"1629657","Kyle Guy","1610612748","MIA","19","15",4,9.8,3.9,0.7,0.333,1.9,0.4,0.8,0.389,0.2,1,0,0,0,0,0.508,"2021-22"
"1628398","Kyle Kuzma","1610612764","WAS","66","29",37,33.4,17.1,5.1,0.498,4.9,0.353,2.9,0.332,2.3,0.677,0.4,0.417,0.5,0.486,0.52,"2021-22"
"200768","Kyle Lowry","1610612748","MIA","63","41",22,33.9,13.4,3,0.549,3.6,0.365,5.1,0.419,0.3,0.5,0,0,0.2,0.667,0.555,"2021-22"
"202681","Kyrie Irving","1610612751","BKN","29","14",15,37.6,27.4,9.2,0.526,5.6,0.404,11.2,0.44,0.8,0.8,0.7,0.75,0,0,0.55,"2021-22"
"200746","LaMarcus Aldridge","1610612751","BKN","47","26",21,22.3,12.9,0.3,0.636,4.8,0.512,1.9,0.478,4.1,0.678,1.7,0.468,2.4,0.575,0.566,"2021-22"
"1630163","LaMelo Ball","1610612766","CHA","74","39",35,32.3,20.1,6.5,0.444,5.7,0.417,5.7,0.369,0.9,0.537,0,0,0.2,0.727,0.514,"2021-22"
"1630205","Lamar Stevens","1610612739","CLE","63","35",28,16.1,6.1,1.7,0.495,1,0.289,0.9,0.403,1,0.528,0.1,0.375,0.1,0.364,0.517,"2021-22"
"202362","Lance Stephenson","1610612754","IND","46","11",35,17.7,8.3,3.9,0.584,1.1,0.305,2.6,0.38,0.2,0.429,0,0,0.1,0.5,0.497,"2021-22"
"1629013","Landry Shamet","1610612756","PHX","69","53",16,20.8,8.3,1,0.375,4.6,0.397,1.4,0.333,0.2,0.636,0,0,0.1,0.667,0.521,"2021-22"
"204038","Langston Galloway","1610612749","MIL","7","4",3,15.2,2,0.3,0.5,0.4,0.067,1.3,0.571,0.3,0.5,0,0,0.3,0.5,0.269,"2021-22"
"1626204","Larry Nance Jr.","1610612740","NOP","46","19",27,22.6,7,0.4,0.333,1.7,0.346,0.1,0.182,2.8,0.67,0.2,0.429,1,0.613,0.569,"2021-22"
"1628374","Lauri Markkanen","1610612739","CLE","61","32",29,30.8,14.8,1.5,0.466,6.9,0.375,0.6,0.266,3.7,0.611,1,0.489,0.7,0.441,0.542,"2021-22"
"2544","LeBron James","1610612747","LAL","56","25",31,37.2,30.3,5.7,0.556,5.3,0.377,6.6,0.374,4.4,0.747,2.3,0.567,2.5,0.822,0.59,"2021-22"
"1630195","Leandro Bolmaro","1610612750","MIN","35","19",16,6.9,1.4,0.3,0.385,0.3,0.235,0.2,0.25,0.2,0.429,0,0,0.1,1,0.361,"2021-22"
"1629623","Lindell Wigginton","1610612749","MIL","19","11",8,10.5,4.2,1.1,0.438,1.1,0.368,0.3,0.286,0.5,0.556,0,0,0,0,0.5,"2021-22"
"1630322","Lindy Waters III","1610612760","OKC","25","6",19,18.6,8,0.2,0.25,4.9,0.347,1.6,0.438,0.6,1,0,0,0.1,0,0.557,"2021-22"
"1629022","Lonnie Walker IV","1610612759","SAS","70","27",43,23,12.1,3.4,0.525,4,0.332,3,0.348,0.5,0.643,0,0,0.3,0.571,0.48,"2021-22"
"1628366","Lonzo Ball","1610612741","CHI","35","22",13,34.6,13,1.1,0.356,7.3,0.424,2.9,0.339,0.9,0.737,0,0,0.1,0.25,0.567,"2021-22"
"101150","Lou Williams","1610612737","ATL","56","33",23,14.3,6.3,2.2,0.373,1.2,0.375,2.5,0.354,0.3,0.875,0,0,0,1,0.448,"2021-22"
"1629663","Louis King","1610612758","SAC","10","2",8,10.4,4.5,0.6,0.333,1.5,0.25,1.7,0.318,0,0,0,0,0.1,0,0.404,"2021-22"
"1629652","Luguentz Dort","1610612760","OKC","51","17",34,32.7,17.2,5,0.443,5.4,0.31,2.7,0.364,1.1,0.605,0,0,0.5,0.818,0.493,"2021-22"
"1629029","Luka Dončić","1610612742","DAL","65","44",21,35.4,28.4,12.5,0.555,1.2,0.31,12.4,0.375,0.9,0.692,1.8,0.449,0.3,0.583,0.529,"2021-22"
"1630568","Luka Garza","1610612765","DET","31","3",28,12,5.7,0.4,0.571,1.6,0.3,0.2,0.333,3.1,0.597,0.2,0.167,0.2,0.3,0.507,"2021-22"
"1628379","Luke Kennard","1610612746","LAC","70","35",35,27.4,11.9,1.3,0.476,6.8,0.458,3,0.405,0.3,0.471,0,0,0.2,0.333,0.598,"2021-22"
"1628436","Luke Kornet","1610612738","BOS","15","11",4,6.9,2,0,0,0,0,0,0,1.9,0.619,0.1,0.5,0.2,0.5,0.481,"2021-22"
"1630640","MJ Walker","1610612756","PHX","2","1",1,4.2,0,0,0,0,0,0,0,0,0,0,0,0,0,0,"2021-22"
"1630644","Mac McClung","1610612747","LAL","2","2",0,12.2,4,0,0,1.5,0.5,1,0.5,0,0,0,0,0,0,0.583,"2021-22"
"1630201","Malachi Flynn","1610612761","TOR","44","25",19,12.2,4.3,1.3,0.511,1.6,0.411,1.3,0.304,0,1,0,0,0,0,0.475,"2021-22"
"1627763","Malcolm Brogdon","1610612754","IND","36","14",22,33.5,19.1,9.5,0.541,2.6,0.326,4.7,0.362,0.8,0.611,0,0,0.1,0.333,0.501,"2021-22"
"1630792","Malcolm Hill","1610612741","CHI","19","8",11,11.2,3.8,0.2,1,1.9,0.371,0.4,0.5,0.5,0.6,0,0,0.2,0.667,0.587,"2021-22"
"1627736","Malik Beasley","1610612750","MIN","79","46",33,25,12.1,0.9,0.367,7.5,0.383,2.2,0.34,0.3,0.458,0,0,0.2,0.571,0.532,"2021-22"
"1630238","Malik Fitts","1610612738","BOS","15","13",2,4.2,1.4,0.1,0.2,1,0.5,0,0,0,0,0,0,0,0,0.553,"2021-22"
"1628370","Malik Monk","1610612747","LAL","76","32",44,28.1,13.8,2.6,0.5,4.5,0.42,3,0.357,1.4,0.719,0,0,0.4,0.684,0.578,"2021-22"
"1629005","Malik Newman","1610612739","CLE","1","0",1,7.7,8,6,1,0,0,4,0.5,0,0,0,0,0,0,0.6,"2021-22"
"1629603","Mamadi Diakite","1610612760","OKC","13","4",9,14.4,4.3,0,0,0.2,0.143,0,0,3.4,0.656,0.2,1,0.8,0.571,0.532,"2021-22"
"1630585","Marcus Garrett","1610612748","MIA","12","11",1,10.7,1.1,0.2,0.111,0.3,0.25,0.2,0.333,0.2,0.25,0,0,0,0,0.262,"2021-22"
"202694","Marcus Morris Sr.","1610612746","LAC","53","26",27,28.8,15.2,2.9,0.538,5.5,0.406,5.7,0.439,0.5,0.529,1.9,0.433,0.8,0.41,0.506,"2021-22"
"203935","Marcus Smart","1610612738","BOS","70","47",23,32.4,12.1,4.1,0.482,4.2,0.343,1,0.255,0.9,0.824,0.4,0.455,0.2,0.462,0.501,"2021-22"
"1628365","Markelle Fultz","1610612753","ORL","18","6",12,20,10.8,5.2,0.494,0.3,0.2,3.7,0.395,0.6,0.625,0.3,0.286,0.6,0.833,0.486,"2021-22"
"202693","Markieff Morris","1610612748","MIA","17","10",7,17.6,7.6,0.5,0.444,3.4,0.415,1.1,0.36,1.6,0.706,1.6,0.619,0.8,0.75,0.531,"2021-22"
"1630250","Marko Simonovic","1610612741","CHI","9","4",5,3.9,1.9,0.4,0,0.3,0.143,0,0,1.1,0.375,0,0,0.1,0,0.3,"2021-22"
"1630210","Markus Howard","1610612743","DEN","31","17",14,5.7,4.1,0.4,0.294,1.6,0.515,1.4,0.319,0,0,0,0,0,0,0.525,"2021-22"
"1627737","Marquese Chriss","1610612742","DAL","34","24",10,10.2,4.5,0.3,0.5,0.8,0.4,0.1,0.25,2.7,0.544,0.1,0,0.6,0.6,0.493,"2021-22"
"1628963","Marvin Bagley III","1610612765","DET","48","17",31,23.9,11.3,1.8,0.468,1.9,0.293,0.3,0.231,5.8,0.689,0.9,0.444,0.7,0.485,0.53,"2021-22"
"1630222","Mason Jones","1610612747","LAL","4","2",2,12.6,6.8,2.5,0.75,0,0,1.3,0.4,0.5,0,0,0,0,0,0.5,"2021-22"
"203486","Mason Plumlee","1610612766","CHA","72","40",32,24.6,6.6,0.8,0.595,0,0.167,0.1,0.273,4.1,0.693,0.3,0.375,1.1,0.611,0.638,"2021-22"
"1629680","Matisse Thybulle","1610612755","PHI","66","43",23,25.5,5.7,0.2,0.353,1.8,0.296,0.3,0.4,2.1,0.694,0,0,0.2,0.667,0.575,"2021-22"
"1629760","Matt Mooney","1610612752","NYK","1","1",0,1.9,0,0,0,0,0,0,0,0,0,0,0,0,0,0,"2021-22"
"1630346","Matt Ryan","1610612738","BOS","1","1",0,5.3,3,0,0,3,0.2,0,0,0,0,0,0,0,0,0.3,"2021-22"
"1629744","Matt Thomas","1610612741","CHI","40","23",17,11.5,4,0,0,1.9,0.366,1.7,0.459,0.1,0.5,0,0,0,0,0.541,"2021-22"
"203090","Maurice Harkless","1610612758","SAC","46","14",32,18.3,4.5,0.9,0.6,1.7,0.295,0.1,0.2,1,0.821,0,0,0.1,0.667,0.537,"2021-22"
"1629622","Max Strus","1610612748","MIA","68","46",22,23.3,10.6,0.6,0.375,6.8,0.412,1.4,0.378,0.9,0.707,0,0,0.1,0.571,0.602,"2021-22"
"1628467","Maxi Kleber","1610612742","DAL","59","36",23,24.6,7,0.4,0.313,4.2,0.333,0.2,0.172,1.7,0.78,0.1,0.429,0.3,0.636,0.516,"2021-22"
"1630593","McKinley Wright IV","1610612750","MIN","5","3",2,3.8,1,0.4,1,0,0,0.6,0.5,0,0,0,0,0,0,0.833,"2021-22"
"1628982","Melvin Frazier Jr.","1610612760","OKC","3","0",3,39.9,10.7,7.3,0.474,1,0.05,0,0,1.3,0.5,0,0,0,0,0.281,"2021-22"
"1630695","Micah Potter","1610612765","DET","3","2",1,10.3,4,0,0,0.7,0.25,0,0,3.3,0.5,0.7,1,0,0,0.455,"2021-22"
"1629008","Michael Porter Jr.","1610612743","DEN","9","5",4,29.5,9.9,1,0.333,2.9,0.244,3.1,0.343,1.8,0.636,0.1,0,1.4,0.667,0.408,"2021-22"
"1628969","Mikal Bridges","1610612756","PHX","81","63",18,34.8,14.2,3.3,0.599,4.2,0.384,2.5,0.471,2.4,0.675,0.2,0.714,1.4,0.725,0.605,"2021-22"
"201144","Mike Conley","1610612762","UTA","72","44",28,28.6,13.7,5.2,0.458,2.3,0.407,6,0.412,0.1,0.375,0,0,0,0,0.542,"2021-22"
"203488","Mike Muscala","1610612760","OKC","43","15",28,13.8,8,0.1,0.4,5.1,0.406,0.3,0.625,1.7,0.61,0,0,0.5,0.5,0.597,"2021-22"
"1628970","Miles Bridges","1610612766","CHA","79","41",38,35.4,20.3,7.4,0.53,4.1,0.36,2.4,0.296,3.4,0.801,0.4,0.355,1.3,0.641,0.557,"2021-22"
"1630540","Miles McBride","1610612752","NYK","40","19",21,9.3,2.2,0.3,0.333,0.8,0.27,0.8,0.267,0,0,0,0,0.1,0,0.375,"2021-22"
"1629011","Mitchell Robinson","1610612752","NYK","71","31",40,25.6,8.5,0,1,0,0,0,0,8,0.761,0.1,0.4,0.2,0.667,0.759,"2021-22"
"1629671","Miye Oni","1610612762","UTA","16","15",1,2.8,0.3,0,0,0.2,0.143,0,0,0,0,0,0,0,0,0.278,"2021-22"
"1628964","Mo Bamba","1610612753","ORL","71","19",52,25.7,10.6,0.2,0.273,4.9,0.388,0.4,0.261,4.7,0.637,0.4,0.455,0.5,0.452,0.566,"2021-22"
"1628420","Monte Morris","1610612743","DEN","75","44",31,29.9,12.6,2.5,0.544,4.2,0.419,3.7,0.443,0.9,0.628,0,0,0.4,0.524,0.564,"2021-22"
"1626149","Montrezl Harrell","1610612766","CHA","71","36",35,23.1,13.1,0.6,0.424,0.4,0.343,0.5,0.319,7.6,0.745,1.8,0.488,1.7,0.608,0.649,"2021-22"
"1629021","Moritz Wagner","1610612753","ORL","63","16",47,15.2,9,1.6,0.611,3.1,0.332,0,0.125,2.3,0.684,0.1,0.444,1.4,0.771,0.581,"2021-22"
"1629650","Moses Brown","1610612739","CLE","40","19",21,8.6,4.3,0.1,0.5,0,0,0,0,3.4,0.587,0.4,0.6,0.8,0.733,0.593,"2021-22"
"1630541","Moses Moody","1610612744","GSW","51","35",16,11.5,4.3,0.8,0.581,2.2,0.379,0.5,0.417,0.5,0.571,0,0,0.1,0.333,0.548,"2021-22"
"1630589","Moses Wright","1610612742","DAL","4","4",0,3.7,1.3,0,0,0,0,0,0,0.5,0,0,0,0.5,0,0.25,"2021-22"
"1628539","Mychal Mulder","1610612748","MIA","17","3",14,14.1,4.1,0.5,0.3,2.6,0.313,0.5,0.3,0,0,0,0,0,0,0.422,"2021-22"
"1629619","Myles Powell","1610612755","PHI","11","8",3,4.7,1.2,0.5,0.375,0,0,0.3,0.143,0.2,1,0,0,0,0,0.324,"2021-22"
"1626167","Myles Turner","1610612754","IND","42","15",27,29.4,12.9,1.7,0.529,4.5,0.349,0.7,0.448,4.5,0.75,1.5,0.533,1.3,0.857,0.587,"2021-22"
"1630230","Naji Marshall","1610612740","NOP","55","23",32,13.4,5.7,1.8,0.5,1.1,0.202,0.5,0.351,0.7,0.517,0,0,0.2,0.6,0.444,"2021-22"
"1629642","Nassir Little","1610612757","POR","42","19",23,25.9,9.8,2.2,0.552,3,0.331,1.2,0.382,1,0.667,0.1,0.333,0.5,1,0.541,"2021-22"
"1630207","Nate Hinton","1610612754","IND","2","0",2,1.2,0,0,0,0,0,0,0,0,0,0,0,0,0,0,"2021-22"
"1630233","Nathan Knight","1610612750","MIN","37","22",15,7.2,3.7,0.8,0.474,0.3,0.333,0,0,1.4,0.613,0.2,0.429,0.3,0.4,0.534,"2021-22"
"1629675","Naz Reid","1610612750","MIN","77","42",35,15.8,8.3,1,0.585,2.2,0.346,0.1,0.222,2.6,0.611,0.5,0.41,1.5,0.568,0.549,"2021-22"
"1629674","Neemias Queta","1610612758","SAC","15","4",11,8,3,0.3,0.667,0,0,0.1,0.5,2.2,0.571,0,0,0.7,1,0.447,"2021-22"
"202357","Nemanja Bjelica","1610612744","GSW","70","48",22,16,6.1,0.9,0.377,2.2,0.369,0.2,0.3,1.9,0.652,0.2,0.333,0.4,0.733,0.543,"2021-22"
"203457","Nerlens Noel","1610612752","NYK","25","10",15,22.5,3.4,0,0,0.3,0.444,0.2,0.5,2.7,0.587,0,0,0.6,0.857,0.533,"2021-22"
"1629651","Nic Claxton","1610612751","BKN","47","24",23,20.7,8.7,0.5,0.529,0,0.5,0,1,6.2,0.71,0,0,1.3,0.565,0.674,"2021-22"
"1630208","Nick Richards","1610612766","CHA","49","25",24,7.1,2.9,0,0,0,1,0.1,1,2.3,0.727,0.3,0.75,0.6,0.667,0.682,"2021-22"
"1629638","Nickeil Alexander-Walker","1610612762","UTA","64","28",36,22.6,10.7,3.6,0.447,3.8,0.32,1.9,0.296,0.6,0.484,0,0,0.4,0.647,0.45,"2021-22"
"201587","Nicolas Batum","1610612746","LAC","58","31",27,24.9,8.4,0.3,0.625,5.8,0.435,0.8,0.34,0.9,0.629,0.1,0.333,0.3,0.538,0.607,"2021-22"
"203917","Nik Stauskas","1610612738","BOS","8","7",1,4.8,2.3,0.5,0,1.1,0.5,0.6,0.286,0,0,0,0,0,0,0.5,"2021-22"
"203999","Nikola Jokić","1610612743","DEN","74","46",28,33.5,27.1,3.3,0.684,5.1,0.414,1.4,0.448,9.3,0.703,5.3,0.625,4.7,0.649,0.62,"2021-22"
"202696","Nikola Vučević","1610612741","CHI","73","41",32,33.1,17.6,1.1,0.486,6.9,0.362,0.9,0.413,5.5,0.683,2.6,0.509,3.2,0.556,0.518,"2021-22"
"1626181","Norman Powell","1610612746","LAC","45","15",30,32.4,19,5.5,0.478,5.1,0.441,3.8,0.406,0.5,0.5,0,0,0.4,0.5,0.549,"2021-22"
"203658","Norvel Pelle","1610612762","UTA","3","0",3,6.3,2,0,0,0,0,0,0,1.3,0.667,0,0,0,0,0.6,"2021-22"
"1628384","OG Anunoby","1610612761","TOR","48","31",17,36,17.1,2.3,0.352,6.2,0.401,2.8,0.299,3.1,0.736,1.4,0.481,0.6,0.75,0.526,"2021-22"
"1630167","Obi Toppin","1610612752","NYK","71","31",40,17.2,9.1,1.4,0.5,2.3,0.325,0.1,0.188,3.1,0.717,0.2,0.556,0.7,0.733,0.587,"2021-22"
"1630846","Olivier Sarr","1610612760","OKC","22","6",16,19.1,7,0,0,2.2,0.529,0.2,0.4,3.8,0.694,0.2,0.5,1,0.625,0.639,"2021-22"
"1630209","Omer Yurtseven","1610612748","MIA","56","39",17,12.6,5.3,0.1,0.5,0.3,0.235,0.1,0.25,4,0.594,0.4,0.348,0.7,0.5,0.528,"2021-22"
"1630168","Onyeka Okongwu","1610612737","ATL","48","26",22,20.7,8.2,0.3,0.667,0.1,0.5,0.1,0.667,6.4,0.715,0.4,0.533,1.3,0.595,0.69,"2021-22"
"1629052","Oshae Brissett","1610612754","IND","67","19",48,23.3,9.1,2,0.383,3.6,0.357,0.3,0.214,1.6,0.558,0,0,0.5,0.545,0.493,"2021-22"
"203490","Otto Porter Jr.","1610612744","GSW","62","41",21,22.1,8.2,0.5,0.357,3.6,0.366,1.1,0.476,1.8,0.681,0.1,0.667,0.8,0.639,0.562,"2021-22"
"200782","P.J. Tucker","1610612748","MIA","71","45",26,27.9,7.6,0.7,0.541,3.4,0.401,0.4,0.393,1.7,0.617,0.2,0.583,0.4,0.429,0.577,"2021-22"
"1629023","P.J. Washington","1610612766","CHA","65","33",32,27.2,10.3,1.2,0.542,4.5,0.364,0.6,0.3,2.8,0.667,0.2,0.438,0.7,0.571,0.573,"2021-22"
"1628408","PJ Dozier","1610612743","DEN","18","9",9,18.9,5.4,1,0.385,2.1,0.325,1.4,0.314,0.6,0.5,0,0,0,0,0.439,"2021-22"
"1628238","Paris Bass","1610612756","PHX","1","1",0,5.5,4,0,0,0,0,0,0,4,1,0,0,0,0,0.5,"2021-22"
"1627783","Pascal Siakam","1610612761","TOR","68","40",28,37.9,22.8,8.7,0.528,3.6,0.391,4.1,0.391,3.2,0.599,1.2,0.493,1.7,0.57,0.525,"2021-22"
"1626192","Pat Connaughton","1610612749","MIL","65","41",24,26,9.9,1,0.63,6.7,0.401,0.3,0.429,1,0.714,0,0,0.1,0.5,0.605,"2021-22"
"201976","Patrick Beverley","1610612750","MIN","58","33",25,25.4,9.2,2.9,0.488,3.2,0.38,1.4,0.272,0.6,0.556,0,0,0.3,0.545,0.501,"2021-22"
"1630172","Patrick Williams","1610612741","CHI","17","9",8,24.8,9,2.8,0.708,2.4,0.5,2,0.457,0.9,0.538,0.2,0.5,0.5,0.429,0.603,"2021-22"
"201988","Patty Mills","1610612751","BKN","81","44",37,29,11.4,0.7,0.383,6.9,0.425,2.9,0.353,0.2,0.636,0,0,0.1,0.667,0.551,"2021-22"
"202331","Paul George","1610612746","LAC","31","18",13,34.8,24.3,6.8,0.466,5.2,0.448,9.9,0.363,0.8,0.769,1.2,0.529,1.3,0.455,0.493,"2021-22"
"200794","Paul Millsap","1610612755","PHI","33","22",11,11.4,3.5,0.6,0.3,0.8,0.243,0.1,0.125,1.3,0.541,0.3,0.5,0.3,0.385,0.426,"2021-22"
"1630194","Paul Reed","1610612755","PHI","38","21",17,8,3.1,0.3,0.333,0.2,0.273,0,0,1.8,0.733,0.1,1,0.2,0.5,0.573,"2021-22"
"1628778","Paul Watson","1610612760","OKC","9","2",7,17.4,3.4,1.1,0.833,2,0.261,0.2,0.25,0.2,0.5,0,0,0,0,0.429,"2021-22"
"1630202","Payton Pritchard","1610612738","BOS","71","46",25,14.1,6.2,0.6,0.377,3.2,0.434,1.8,0.41,0.1,0.5,0,0,0,0,0.564,"2021-22"
"1627822","Petr Cornelie","1610612743","DEN","13","3",10,2.9,1.1,0,0,0.2,0.125,0,0,0.6,0.667,0.2,0,0.2,0.5,0.367,"2021-22"
"1630173","Precious Achiuwa","1610612761","TOR","73","46",27,23.6,9.1,1.6,0.387,2.4,0.363,0.7,0.303,3,0.54,0.3,0.474,0.4,0.333,0.486,"2021-22"
"1629656","Quentin Grimes","1610612752","NYK","45","20",25,17.3,6.1,0.2,0.4,4.3,0.417,0.9,0.273,0.2,0.4,0,0,0.1,0.4,0.56,"2021-22"
"1629683","Quinndary Weatherspoon","1610612744","GSW","11","8",3,6.7,2.7,0.7,0.6,0.3,0.333,0,0,1.3,1,0,0,0,0,0.595,"2021-22"
"1630181","R.J. Hampton","1610612753","ORL","64","15",49,21.9,7.6,2.3,0.333,2.6,0.401,0.7,0.207,0.3,0.636,0,0,0.1,0.75,0.453,"2021-22"
"1629628","RJ Barrett","1610612752","NYK","69","32",37,34.5,20.1,7.5,0.417,5,0.361,2.1,0.284,1.2,0.533,0.4,0.474,0.5,0.412,0.467,"2021-22"
"200765","Rajon Rondo","1610612739","CLE","39","16",23,17.9,4.8,1.7,0.429,2,0.4,0.8,0.255,0.1,0.5,0,0,0,0,0.474,"2021-22"
"203526","Raul Neto","1610612764","WAS","70","29",41,19.6,7.5,4.1,0.492,0.8,0.244,1.9,0.438,0.4,0.583,0,1,0.1,0.6,0.502,"2021-22"
"1629730","Rayjon Tucker","1610612749","MIL","5","2",3,14.2,4.2,0.8,1,1.2,1,1.2,0.4,0.4,1,0,0,0.6,1,0.889,"2021-22"
"203493","Reggie Bullock Jr.","1610612742","DAL","68","44",24,28,8.6,0.4,0.393,6.1,0.375,0.7,0.356,0.4,0.483,0,0,0.1,0.571,0.542,"2021-22"
"202704","Reggie Jackson","1610612746","LAC","74","38",36,31.2,16.9,5.7,0.456,3.6,0.318,6.4,0.355,0.5,0.667,0.1,0.5,0.2,0.615,0.461,"2021-22"
"1629617","Reggie Perry","1610612757","POR","10","0",10,18.7,9.2,0.6,0.273,1.7,0.333,0.6,0.333,3.7,0.6,0.8,0.8,1,0.556,0.525,"2021-22"
"1626158","Richaun Holmes","1610612758","SAC","44","15",29,23.7,10.1,0.6,0.765,1.8,0.551,0.1,0.333,6.8,0.701,0.5,0.778,2.7,0.531,0.66,"2021-22"
"201937","Ricky Rubio","1610612754","IND","34","20",14,28.5,13.1,4.4,0.397,2.9,0.34,4.6,0.36,0.1,0.167,0,0,0.2,0.286,0.434,"2021-22"
"1630306","Rob Edwards","1610612760","OKC","2","0",2,5.4,1.5,0,0,0,0,1.5,0.5,0,0,0,0,0,0,0.375,"2021-22"
"203496","Robert Covington","1610612746","LAC","71","34",37,27.3,8.5,0.9,0.381,4.9,0.365,0.7,0.404,1,0.654,0,0,0.2,0.545,0.548,"2021-22"
"1629057","Robert Williams III","1610612738","BOS","60","40",20,29.5,10,0,0,0,0.111,0.1,1,8.9,0.745,0.1,0.667,0.5,0.647,0.734,"2021-22"
"1630218","Robert Woodard II","1610612759","SAS","12","0",12,3.5,0.6,0,0,0.3,0.25,0,0,0.2,0.333,0,0,0,0,0.156,"2021-22"
"201577","Robin Lopez","1610612753","ORL","36","9",27,17,7.1,0.6,0.471,0.2,0.429,0.1,0.182,3.6,0.652,2.3,0.487,1.1,0.552,0.558,"2021-22"
"203918","Rodney Hood","1610612746","LAC","52","30",22,13.6,3.1,0.5,0.44,1.3,0.307,0.8,0.333,0.3,0.8,0,0,0.1,1,0.465,"2021-22"
"203585","Rodney McGruder","1610612765","DET","50","13",37,14.7,5.3,0.6,0.542,3.2,0.426,0.5,0.31,0.6,0.429,0,0,0.1,0.5,0.567,"2021-22"
"1629641","Romeo Langford","1610612759","SAS","48","24",24,16.1,4.5,1.2,0.451,1.6,0.338,0.6,0.464,0.8,0.708,0.1,1,0.1,0.286,0.51,"2021-22"
"1626220","Royce O'Neale","1610612762","UTA","77","46",31,31.2,7.4,0.9,0.535,4.1,0.383,0.5,0.412,0.6,0.571,0,0,0.2,0.529,0.591,"2021-22"
"1630612","Ruben Nembhard Jr.","1610612739","CLE","14","6",8,4.5,1.1,0.5,0.273,0,0,0,0,0.3,1,0,0,0,0,0.333,"2021-22"
"200752","Rudy Gay","1610612762","UTA","55","34",21,18.9,8.1,0.8,0.255,3.5,0.359,1.5,0.343,1.5,0.778,0.7,0.5,0.3,0.529,0.507,"2021-22"
"203497","Rudy Gobert","1610612762","UTA","66","42",24,32.1,15.6,0.2,0.444,0,0.125,0,0.167,12.3,0.755,0.6,0.5,2.1,0.614,0.713,"2021-22"
"1629060","Rui Hachimura","1610612764","WAS","42","16",26,22.5,11.3,2,0.521,4.4,0.455,2,0.36,2,0.731,0.7,0.476,1.1,0.559,0.563,"2021-22"
"201566","Russell Westbrook","1610612747","LAL","78","31",47,34.3,18.5,7.7,0.486,1.9,0.317,4,0.352,1.9,0.588,0.6,0.375,0.5,0.519,0.476,"2021-22"
"1627853","Ryan Arcidiacono","1610612752","NYK","10","8",2,7.6,1.6,0.4,1,0.9,0.429,0.5,0.5,0,0,0,0,0,0,0.667,"2021-22"
"1630240","Saben Lee","1610612765","DET","36","8",28,16.3,5.4,1.8,0.367,0.7,0.267,0.4,0.167,1.1,0.63,0,0,0.1,0.4,0.418,"2021-22"
"1630180","Saddiq Bey","1610612765","DET","81","23",58,33,16.3,3.4,0.43,6.6,0.38,2.9,0.314,1.2,0.571,0.7,0.373,0.5,0.5,0.492,"2021-22"
"1626155","Sam Dekker","1610612761","TOR","1","1",0,0.9,0,0,0,0,0,0,0,0,0,0,0,0,0,0,"2021-22"
"1630573","Sam Hauser","1610612738","BOS","26","20",6,6.1,2.5,0,0,1.8,0.444,0.3,0.429,0.2,0.667,0,0,0.1,0.5,0.65,"2021-22"
"1630241","Sam Merrill","1610612763","MEM","6","2",4,9.6,4.2,0,0,2.5,0.333,1,0.25,0,0,0,0,0,0,0.479,"2021-22"
"1630572","Sandro Mamukelashvili","1610612749","MIL","41","22",19,9.9,3.8,0.5,0.583,1.6,0.44,0.1,0.333,1.2,0.611,0,0,0.2,0.5,0.591,"2021-22"
"1630583","Santi Aldama","1610612763","MEM","31","19",12,11,4,0.5,0.304,0.8,0.196,0.1,0.143,1.7,0.667,0.1,0.5,0.5,1,0.422,"2021-22"
"1630567","Scottie Barnes","1610612761","TOR","74","43",31,35.4,15.3,2.9,0.455,2.6,0.329,1.9,0.376,4.9,0.677,1,0.531,1.4,0.571,0.524,"2021-22"
"1630575","Scottie Lewis","1610612766","CHA","2","1",1,3.3,0.5,0,0,0,0,0,0,0,0,0,0,0,0,0,"2021-22"
"203816","Scotty Hopson","1610612760","OKC","1","0",1,17.7,4,0,0,0,0,4,1,0,0,0,0,0,0,0.5,"2021-22"
"1629635","Sekou Doumbouya","1610612747","LAL","2","0",2,8.2,7,0,0,1.5,0.5,0,0,1,1,0,0,0,0,0.688,"2021-22"
"1628400","Semi Ojeleye","1610612746","LAC","30","14",16,13.5,3.3,0.5,0.263,1.3,0.271,0.6,0.4,0.9,0.471,0.1,0.5,0.1,0.143,0.379,"2021-22"
"201586","Serge Ibaka","1610612749","MIL","53","30",23,16.2,6.7,0.3,0.692,2.7,0.379,0.2,0.313,2.6,0.638,0.5,0.571,1.1,0.553,0.564,"2021-22"
"203552","Seth Curry","1610612751","BKN","64","38",26,33.3,15,2.3,0.558,5.4,0.468,6.2,0.469,0,0.333,0,0,0,0,0.594,"2021-22"
"1628983","Shai Gilgeous-Alexander","1610612760","OKC","56","16",40,34.7,24.5,13.9,0.491,1.1,0.412,6.9,0.351,0.6,0.65,0.1,0.75,0.2,0.667,0.496,"2021-22"
"1629003","Shake Milton","1610612755","PHI","55","34",21,21.4,8.2,3.7,0.462,1.8,0.343,1.9,0.35,0.3,0.636,0,0,0.1,0.667,0.483,"2021-22"
"1629783","Shaq Buchanan","1610612763","MEM","2","2",0,4.9,1,0,0,0,0,0,0,1,1,0,0,0,0,0.25,"2021-22"
"1627885","Shaquille Harrison","1610612751","BKN","2","1",1,11.3,2,1,1,0,0,0,0,0,0,0,0,0,0,0.333,"2021-22"
"1630536","Sharife Cooper","1610612737","ATL","13","8",5,3,0.5,0.2,0.167,0,0,0.2,0.333,0,0,0,0,0,0,0.25,"2021-22"
"1630219","Skylar Mays","1610612737","ATL","28","17",11,7.9,2.9,1,0.6,0.9,0.348,0.2,0.375,0.1,0.4,0,0,0.1,1,0.563,"2021-22"
"203524","Solomon Hill","1610612737","ATL","13","7",6,10.7,0.6,0,0,0.5,0.167,0,0,0.2,0.2,0,0,0,0,0.2,"2021-22"
"203915","Spencer Dinwiddie","1610612742","DAL","67","38",29,29.6,13.7,6.5,0.495,2.5,0.37,3.9,0.338,0.2,0.462,0,1,0.1,0.571,0.493,"2021-22"
"1626169","Stanley Johnson","1610612747","LAL","48","16",32,22.8,6.7,1.5,0.547,1.9,0.305,0.9,0.613,1.2,0.658,0.1,1,0.4,0.421,0.532,"2021-22"
"201939","Stephen Curry","1610612744","GSW","64","45",19,34.5,25.5,5.4,0.514,6.3,0.397,9.5,0.39,0.9,0.59,0,0,0.4,0.625,0.554,"2021-22"
"1628425","Sterling Brown","1610612742","DAL","49","31",18,12.8,3.3,0.6,0.519,1.5,0.301,0.5,0.385,0.3,0.417,0,0,0.1,0.5,0.471,"2021-22"
"203500","Steven Adams","1610612763","MEM","75","50",25,26.4,7,0.4,0.478,0.1,0.273,0,0.2,5.1,0.571,0.8,0.561,1.1,0.5,0.55,"2021-22"
"1629004","Svi Mykhailiuk","1610612761","TOR","56","29",27,12.8,4.6,0.6,0.424,1.7,0.317,0.8,0.3,0.5,0.611,0,0,0.2,0.8,0.476,"2021-22"
"204456","T.J. McConnell","1610612754","IND","27","9",18,24.2,8.5,4.5,0.505,0.9,0.267,2.4,0.484,0.9,0.75,0,0,0.2,0.429,0.505,"2021-22"
"1629605","Tacko Fall","1610612739","CLE","11","4",7,5.3,1.1,0,0,0,0,0,0,1.1,0.417,0.2,0.25,0,0,0.417,"2021-22"
"201959","Taj Gibson","1610612752","NYK","51","23",28,18.1,4.4,0,0,1.4,0.418,0.1,0.286,2.3,0.575,0.2,0.6,0.7,0.467,0.555,"2021-22"
"1629659","Talen Horton-Tucker","1610612747","LAL","60","23",37,25.2,10,4.1,0.471,1.6,0.276,2,0.321,0.8,0.486,0.1,0.5,0.5,0.483,0.462,"2021-22"
"1627752","Taurean Prince","1610612750","MIN","69","40",29,17.1,7.3,1.4,0.593,3.3,0.388,1,0.403,0.3,0.318,0,1,0.1,0.5,0.564,"2021-22"
"1629611","Terance Mann","1610612746","LAC","80","41",39,28.5,10.8,2.5,0.482,2.1,0.416,2.2,0.346,1.6,0.622,0.1,1,0.5,0.586,0.539,"2021-22"
"1629056","Terence Davis","1610612758","SAC","29","10",19,17.9,10.4,2.4,0.475,2.7,0.31,2.5,0.356,0.7,0.625,0,0,0.2,0.6,0.51,"2021-22"
"203082","Terrence Ross","1610612753","ORL","63","14",49,23,10,3,0.519,2.7,0.319,3.4,0.376,0.3,0.75,0,0,0.2,0.455,0.467,"2021-22"
"1626179","Terry Rozier","1610612766","CHA","72","38",34,33.7,19.4,4.8,0.492,6.8,0.397,5.3,0.409,0.8,0.61,0,0,0.3,0.563,0.542,"2021-22"
"1630678","Terry Taylor","1610612754","IND","33","7",26,21.6,9.6,0.9,0.464,1.2,0.368,0.3,0.385,4.8,0.697,0.1,0.5,1.5,0.852,0.641,"2021-22"
"201152","Thaddeus Young","1610612761","TOR","52","27",25,16.3,6.2,0.8,0.594,1,0.37,0.2,0.294,2.5,0.59,0.2,0.385,1,0.463,0.55,"2021-22"
"203648","Thanasis Antetokounmpo","1610612749","MIL","48","26",22,9.9,3.6,0.6,0.476,0.1,0.111,0.1,0.222,1.9,0.635,0.1,0.6,0.3,0.714,0.555,"2021-22"
"1630177","Theo Maledon","1610612760","OKC","51","14",37,17.8,7.1,2.9,0.42,1.8,0.265,1.2,0.354,0.4,0.545,0,0,0.1,0.6,0.445,"2021-22"
"1629033","Theo Pinson","1610612742","DAL","19","14",5,7.8,2.5,0.4,0.4,1.4,0.375,0.5,0.333,0.1,0,0,0,0.2,1,0.487,"2021-22"
"1628418","Thomas Bryant","1610612764","WAS","27","8",19,16.3,7.4,0.2,0.4,1.9,0.339,0.2,0.429,3.9,0.667,0.9,0.563,0.7,0.5,0.561,"2021-22"
"204025","Tim Frazier","1610612739","CLE","12","1",11,17.3,3.3,0.8,0.308,0.9,0.286,1.1,0.238,0.2,0,0,0,0,0,0.378,"2021-22"
"203501","Tim Hardaway Jr.","1610612742","DAL","42","24",18,29.6,14.2,1.7,0.421,5.4,0.339,4.4,0.364,0.8,0.7,0,1,0.3,0.571,0.491,"2021-22"
"1627789","Timothe Luwawu-Cabarrot","1610612737","ATL","52","30",22,13.2,4.4,0.4,0.227,2.3,0.336,0.4,0.5,0.4,0.5,0,0,0,0,0.516,"2021-22"
"202699","Tobias Harris","1610612755","PHI","73","45",28,34.8,17.2,5.9,0.485,3.6,0.362,3.2,0.416,2.1,0.717,1.6,0.533,0.6,0.654,0.532,"2021-22"
"203107","Tomas Satoransky","1610612764","WAS","55","21",34,16.5,3.6,1.5,0.412,0.5,0.205,0.7,0.298,0.6,0.556,0,1,0,0,0.406,"2021-22"
"1628396","Tony Bradley","1610612741","CHI","55","28",27,10,3,0,0.25,0.3,0.538,0,0.5,2.1,0.612,0,1,0.8,0.625,0.585,"2021-22"
"203503","Tony Snell","1610612740","NOP","53","19",34,15.5,3.5,0.2,0.333,2.5,0.363,0.3,0.389,0.4,0.733,0,0,0,0.333,0.535,"2021-22"
"1628470","Torrey Craig","1610612756","PHX","78","36",42,20.5,6.6,0.7,0.469,2.8,0.344,0.6,0.308,1.5,0.691,0,1,0.5,0.727,0.541,"2021-22"
"1629027","Trae Young","1610612737","ATL","76","40",36,34.9,28.4,10,0.498,1.6,0.462,12.7,0.427,0.5,0.75,0,0,0.1,0.333,0.536,"2021-22"
"1629309","Trayvon Palmer","1610612765","DET","1","0",1,16.8,0,0,0,0,0,0,0,0,0,0,0,0,0,0,"2021-22"
"1630200","Tre Jones","1610612759","SAS","69","32",37,16.6,6,3.2,0.526,0.4,0.231,1.4,0.448,0.6,0.655,0,0,0.4,0.6,0.504,"2021-22"
"1630544","Tre Mann","1610612760","OKC","60","17",43,22.8,10.4,3.4,0.422,2.3,0.38,4.2,0.383,0.2,0.583,0,0,0.1,0.4,0.476,"2021-22"
"1629682","Tremont Waters","1610612764","WAS","3","0",3,16.8,3.3,1.3,0.5,1,1,1.7,0.2,0,0,0,0,0,0,0.357,"2021-22"
"1630570","Trendon Watford","1610612757","POR","48","16",32,18.1,7.6,1.6,0.571,0.9,0.302,0.3,0.276,2.5,0.693,0.5,0.533,1.1,0.5,0.549,"2021-22"
"1630235","Trent Forrest","1610612762","UTA","60","36",24,12.8,3.3,2.3,0.539,0.2,0.182,0.3,0.389,0.2,0.5,0,0,0,0,0.506,"2021-22"
"1630243","Trevelin Queen","1610612745","HOU","10","1",9,7.4,4.3,0.5,0.5,1.2,0.333,1.5,0.5,0.9,0.6,0,0,0,0,0.591,"2021-22"
"1630286","Trevon Scott","1610612739","CLE","2","1",1,5.7,3,2,0.667,0,0,0,0,1,1,0,0,1,1,0.5,"2021-22"
"2772","Trevor Ariza","1610612747","LAL","24","8",16,19.3,4,0.2,0.222,2.4,0.279,0.1,0.125,0.8,0.636,0,0,0.2,1,0.434,"2021-22"
"203504","Trey Burke","1610612742","DAL","42","24",18,10.5,5.1,1.6,0.474,1.5,0.35,1.8,0.337,0,1,0,0,0,0.5,0.451,"2021-22"
"1626168","Trey Lyles","1610612758","SAC","74","19",55,20.4,10.5,2.7,0.533,2.8,0.341,0.5,0.286,2.5,0.657,0.8,0.514,0.9,0.571,0.527,"2021-22"
"1630530","Trey Murphy III","1610612740","NOP","62","31",31,13.9,5.4,0.3,0.214,3.3,0.388,0.2,0.182,1,0.656,0,0,0.1,0.5,0.522,"2021-22"
"202684","Tristan Thompson","1610612741","CHI","56","19",37,15.8,6.1,0.4,0.4,0.1,0.286,0.1,0.375,3.7,0.556,0.5,0.733,1.3,0.47,0.532,"2021-22"
"1628972","Troy Brown Jr.","1610612741","CHI","66","37",29,16,4.3,0.5,0.316,2.1,0.365,0.2,0.269,0.6,0.655,0,0,0.2,0.583,0.51,"2021-22"
"1629660","Ty Jerome","1610612760","OKC","48","15",33,16.7,7.1,2.7,0.486,2.8,0.319,1.7,0.354,0.4,0.636,0,0,0,0,0.46,"2021-22"
"1629076","Tyler Cook","1610612741","CHI","20","13",7,10,3.4,0,0,0,0,0,0,1.9,0.591,0.1,0.5,1,0.857,0.605,"2021-22"
"1629788","Tyler Hall","1610612752","NYK","1","1",0,1.9,0,0,0,0,0,0,0,0,0,0,0,0,0,0,"2021-22"
"1629639","Tyler Herro","1610612748","MIA","66","44",22,32.6,20.7,6.3,0.455,4.7,0.446,7.5,0.384,1.1,0.739,0,0,0.5,0.696,0.525,"2021-22"
"204020","Tyler Johnson","1610612759","SAS","6","2",4,15.2,2.8,0,0,2.5,0.357,0.3,0.167,0,0,0,0,0,0,0.425,"2021-22"
"1630179","Tyrell Terry","1610612763","MEM","2","2",0,1.5,1,0,0,0,0,1,1,0,0,0,0,0,0,1,"2021-22"
"1630169","Tyrese Haliburton","1610612754","IND","76","25",51,35,15.4,4.9,0.457,2.6,0.422,6.9,0.434,0.3,0.625,0,0,0.1,0.714,0.559,"2021-22"
"1630178","Tyrese Maxey","1610612755","PHI","75","45",30,35.3,17.5,7.1,0.5,3,0.456,5,0.402,0.2,0.467,0,0,0.1,0.75,0.552,"2021-22"
"1627820","Tyrone Wallace","1610612740","NOP","6","4",2,12.5,2.8,0.3,0.25,1,0.286,0,0,0.7,1,0,0,0.3,1,0.4,"2021-22"
"1626145","Tyus Jones","1610612763","MEM","72","50",22,21.2,8.6,3.3,0.461,2.7,0.411,3,0.41,0.2,0.625,0,0,0.2,0.667,0.517,"2021-22"
"1628962","Udoka Azubuike","1610612762","UTA","17","11",6,11.5,4.7,0,0,0,0,0,0,4.1,0.733,0,0,0.5,1,0.755,"2021-22"
"2617","Udonis Haslem","1610612748","MIA","13","10",3,6.4,2.5,0,0,0.7,0.4,0.2,0.333,1.8,0.625,0.2,0.5,0.5,0.75,0.468,"2021-22"
"1630586","Usman Garuba","1610612745","HOU","24","2",22,10,2,0,0,0.6,0.263,0,0,1,0.625,0,0,0.1,0.333,0.489,"2021-22"
"1630176","Vernon Carey Jr.","1610612764","WAS","7","3",4,6.3,2.9,0,0,0,0,0.3,1,2,0.714,0.3,1,0.1,0,0.538,"2021-22"
"203506","Victor Oladipo","1610612748","MIA","8","4",4,21.6,12.4,3.3,0.588,3,0.4,4.1,0.433,0.3,1,0,0,0,0,0.582,"2021-22"
"1628427","Vlatko Čančar","1610612743","DEN","15","7",8,11.8,4.1,0.3,0.25,1.2,0.429,0.3,0.667,1.5,0.714,0,0,0.5,0.5,0.646,"2021-22"
"1630249","Vít Krejčí","1610612760","OKC","30","8",22,23,6.2,1.3,0.5,2.4,0.304,0.8,0.333,0.6,0.615,0,0,0.2,0.75,0.503,"2021-22"
"201961","Wayne Ellington","1610612747","LAL","43","15",28,18.8,6.7,0.3,0.75,4.7,0.422,1.2,0.295,0.1,1,0,0,0,1,0.586,"2021-22"
"1627782","Wayne Selden","1610612752","NYK","3","2",1,6.4,1.7,0.7,0,0,0,1,1,0,0,0,0,0,0,0.375,"2021-22"
"1628976","Wendell Carter Jr.","1610612753","ORL","62","16",46,29.9,15,2.2,0.565,4.1,0.356,1.2,0.522,5.8,0.68,0.7,0.447,2.1,0.515,0.576,"2021-22"
"1629117","Wenyen Gabriel","1610612747","LAL","25","8",17,14.3,5.6,0.8,0.533,0.8,0.25,0.1,0.5,2.5,0.571,0.1,0,0.5,0.556,0.537,"2021-22"
"1628411","Wes Iwundu","1610612737","ATL","3","2",1,27.4,7.3,2,0.667,3.7,0.571,0.7,0.333,0,0,0,0,0,0,0.528,"2021-22"
"202083","Wesley Matthews","1610612749","MIL","49","33",16,20.5,5.1,0.8,0.515,3.1,0.364,0.2,0.174,0.7,0.652,0,0,0.1,0.667,0.516,"2021-22"
"203115","Will Barton","1610612743","DEN","71","41",30,32.1,14.7,3.5,0.478,4.4,0.378,3.7,0.377,1.1,0.623,0,0.25,0.6,0.792,0.525,"2021-22"
"1626161","Willie Cauley-Stein","1610612755","PHI","20","12",8,9.1,1.7,0.1,0.333,0.3,0.4,0.1,1,1.2,0.478,0,0,0.2,0.4,0.471,"2021-22"
"1626195","Willy Hernangomez","1610612740","NOP","50","22",28,16.8,9.1,0.2,0.429,0.3,0.316,0.1,0.25,5.4,0.531,0.9,0.366,1.5,0.61,0.526,"2021-22"
"1629875","Xavier Moon","1610612746","LAC","10","7",3,13.7,5.8,0.6,0.25,0.9,0.273,3.6,0.607,0,0,0,0,0,0,0.539,"2021-22"
"1630270","Xavier Sneed","1610612762","UTA","9","7",2,4.3,0.6,0,0,0.3,0.143,0,0,0,0,0,0,0,0,0.25,"2021-22"
"1630214","Xavier Tillman","1610612763","MEM","53","35",18,13.2,4.8,0.4,0.385,0.6,0.226,0.4,0.375,2.2,0.571,0.2,0.556,0.8,0.486,0.477,"2021-22"
"1629139","Yuta Watanabe","1610612761","TOR","38","21",17,11.7,4.3,0.6,0.45,2.2,0.372,0.3,0.294,0.5,0.5,0,0,0.3,0.833,0.504,"2021-22"
"1630582","Yves Pons","1610612763","MEM","12","9",3,5.9,1.1,0,0,0.8,0.333,0,0,0.3,0.333,0,0,0,0,0.406,"2021-22"
"1628380","Zach Collins","1610612759","SAS","28","14",14,17.9,7.8,0.1,1,2.3,0.417,0.3,0.8,2.9,0.536,1,0.444,1.9,0.605,0.535,"2021-22"
"203897","Zach LaVine","1610612741","CHI","67","37",30,34.7,24.4,7.4,0.508,4.2,0.477,7.5,0.367,1.2,0.75,0.2,0.389,0.7,0.767,0.554,"2021-22"
"1630285","Zavier Simpson","1610612760","OKC","4","1",3,43.5,11,10.3,0.474,0.8,0.2,2,0.333,0,0,0,0,0,0,0.375,"2021-22"
"1630192","Zeke Nnaji","1610612743","DEN","41","24",17,17,6.6,0.4,0.375,2.9,0.456,0,0,2.5,0.606,0,0,0.5,0.438,0.616,"2021-22"
"1630533","Ziaire Williams","1610612763","MEM","61","40",21,21.7,8,0.7,0.452,3.4,0.336,1.1,0.356,1.5,0.824,0,1,0.4,0.714,0.536,"2021-22"
"1629597","Zylan Cheatham","1610612762","UTA","1","0",1,5.2,0,0,0,0,0,0,0,0,0,0,0,0,0,0,"2021-22"
